pid|size
10008|XL
10015|L
10031|43
10031|45
10035|XL ( 158-170 )
10042|37,5
10046|L
10046|M
10051|XL ( 158-170 )
10063|L
10064|44
10069|36
10073|XL ( 44/46 )
10083|S
10084|M
10085|44
10096|L
10096|M
10096|XL
10098|39
10102|2XL
10102|XL
10111|XL
10115|43 1/3
10116|M
10119|41 1/3
10119|44 2/3
10119|45 1/3
10119|46 2/3
10125|S
10133|44
10137|37 1/3
10157|L
10164|M ( 140-152 )
10164|S ( 128-140 )
10164|XL ( 158-170 )
10169|3 ( 40-42 )
10169|5 ( 46-48 )
10170|XL (46-50 )
10174|L
10183|M ( 38-42 )
10195|M
10197|S ( 34-38 )
10197|XL (46-50 )
10199|42
10203|L ( 40/42 )
10207|L
10213|43
10213|44,5
10214|44
10222|2XL
10222|L
10222|M
10222|XL
10228|L
10228|M
10230|4 ( 43-46 )
10234|152
10249|L
10254|M
10261|1 ( Junior)
10263|M
10276|S ( 34-38 )
10279|4 ( 39-42 )
10282|43 1/3
10289|44
10297|M
10312|40
10312|40 2/3
10312|41 1/3
10312|42
10312|46
10312|46 2/3
10320|39/42
10325|164
10330|164
10331|XL ( 158-170 )
10333|S ( 34-38 )
10339|41 1/3
10339|42
10353|44
10353|44 2/3
10361|M
10361|S
10362|S
10365|S
10365|XS
10378|2XL
10382|L
10382|M
10383|2 ( Senior )
10391|140
10396|2XL
10396|M
10396|XL
10400|
10402|2XL
10402|XS
10405|140
10405|152
10405|164
10407|36 2/3
10408|37 1/3
10408|38
10408|38 2/3
10410|4 ( 39-42 )
10410|5 ( 43-46 )
10413|L
10414|2XL
10414|L
10414|M
10414|XL
10415|2XL
10415|L
10415|M
10416|39 1/3
10416|40
10416|40 2/3
10421|40,5
10421|44,5
10425|L
10436|L
10436|M
10439|S
10439|XL
10463|2XL
10463|L
10463|XL
10466|40
10467|S
10467|XL
10470|42,5
10503|42
10511|42 2/3
10511|44 2/3
10511|45 1/3
10519|L
10519|M
10519|S
10525|L
10558|140
10558|152
10558|164
10560|M
10570|38
10575|43 1/3
10575|44 2/3
10575|46 2/3
10575|47 1/3
10585|L
10585|M
10598|L ( 152-158 )
10598|M ( 140-152 )
10598|XL ( 158-170 )
10609|
10610|140
10610|164
10617|128
10617|152
10617|164
10619|2XL
10620|36 2/3
10620|37 1/3
10620|38
10627|44
10628|3 ( 40-42 )
10628|4 ( 43-45 )
10628|5 ( 46-48 )
10630|XL
10631|L
10633|L
10633|S
10635|L
10642|43
10642|44
10664|L
10664|M
10671|35
10677|5 ( 43-46 )
10680|L
10682|L ( 152-158 )
10686|L
10686|S
10686|XL
10692|M
10706|M ( 140-152 )
10706|S ( 128-140 )
10707|L
10707|M
10707|S
10707|XL
10713|35
10713|37,5
10713|38,5
10715|40
10715|40 2/3
10715|41 1/3
10715|42 2/3
10715|43 1/3
10715|44
10717|2XL
10730|2XL
10730|L
10730|M
10730|XL
10730|XS
10736|L
10743|L
10748|5 ( 46-48 )
10752|L ( 152-158 )
10755|M
10756|M ( 38-42 )
10756|S ( 34-38 )
10759|2XL
10759|S
10766|4 ( 43-45 )
10766|5 ( 46-48 )
10772|2XL
10774|38 2/3
10774|40
10781|L
10785|M
10785|XL
10788|40
10794|XS ( 116-128 )
10809|L
10809|M
10809|S
10809|XL
10827|4 ( 43-45 )
10828|XL (46-50 )
10849|2XL
10866|152
10878|2XL
10881|L
10881|XL
10883|45
10885|40 2/3
10885|42 2/3
10885|43 1/3
10885|44
10885|44 2/3
10895|M
10904|42,5
10904|45
10917|L
10917|M
10917|S
10919|M
10924|S ( 128-140 )
10925|L
10927|140
10929|L
10936|2XL
10936|M
10943|L
10948|40,5
10948|42
10948|42,5
10948|43
10948|44,5
10948|45
10948|45,5
10950|L
10953|XL
10961|L
10961|XL
10973|L
10973|M
10979|39 - 42
10981|2XL
10981|L
10981|M
10981|S
10981|XL
10990|2XL
10990|M
10990|S
10990|XS
10994|44
10997|43
11009|L
11009|M
11009|S
11009|XL
11010|M
11026|43 1/3
11034|1 ( 31-34 )
11034|2 ( 35-38 )
11034|3 ( 39-42 )
11034|5 ( 47-49 )
11035|M
11037|M
11037|XL
11040|140
11054|L
11054|M
11054|XL
11059|41
11059|42
11059|43
11059|44,5
11067|140
11067|152
11067|164
11071|140
11071|164
11078|45 1/3
11078|48
11091|44
11095|XL
11100|152
11100|164
11101|S
11101|XL
11123|L
11133|M
11133|S
11148|M
11158|41,5
11163|44
11168|L
11168|M
11172|2XL
11173|L
11173|M
11175|40
11175|42 2/3
11175|44
11175|47 1/3
11181|42,5
11183|M
11183|XL
11185|44
11187|L
11187|M
11187|XL
11193|XL
11198|XL
11205|L
11205|S
11215|42
11215|43 1/3
11215|44
11215|45 1/3
11221|L
11221|M
11221|XL
11227|40
11227|41
11227|42,5
11227|43
11227|44
11227|44,5
11227|45
11227|46
11227|47
11234|44 2/3
11241|2XL
11241|S
11241|XL
11247|40
11247|40,5
11247|41
11247|42
11247|42,5
11247|43
11247|44
11247|45
11247|45,5
11247|46
11247|47
11247|47,5
11249|L
11252|128
11256|XL
11257|L
11269|4 ( 43-45 )
11273|43
11276|M
11280|40,5
11280|42
11280|42,5
11280|44
11280|44,5
11280|46
11286|L
11286|M
11286|S
11286|XL
11293|2XL
11306|42 2/3
11317|2XL
11321|L
11321|M
11323|L
11323|M
11329|41 1/3
11329|43 1/3
11329|44
11329|44 2/3
11329|45 1/3
11329|46 2/3
11339|M
11339|S
11355|37,5
11357|L
11358|41
11358|44
11371|4 ( 43-46 )
11375|44
11389|L
11391|XL
11411|XL
11418|2XL
11422|4 ( 39-42 )
11426|2XL
11429|L
11433|2XL
11438|XL
11445|M
11449|43
11450|M
11450|S
11452|42,5
11452|43
11452|45
11452|47
11456|L
11456|M
11463|37,5
11472|0 ( 31-33 )
11472|1 ( 34-36 )
11472|2 ( 37-39 )
11475|S
11475|XL
11476|S
11480|140
11480|152
11480|164
11480|176
11501|L
11501|M
11504|XL
11505|L
11505|M
11505|XL
11509|2 ( 37-39 )
11510|35,5
11512|39
11512|42
11512|43
11512|44
11514|M
11514|S
11523|M ( 140-152 )
11535|43
11535|45,5
11539|M
11568|M ( 40 )
11569|43
11572|M
11572|XL
11593|L
11593|M
11593|XL
11595|M
11595|XL
11600|41
11600|42,5
11600|45,5
11601|45
11605|42 2/3
11605|44 2/3
11607|L
11607|S
11607|XL
11613|164
11614|XL
11619|39
11619|40,5
11619|41
11619|42
11619|43
11619|44
11619|44,5
11619|45,5
11622|41
11622|42,5
11622|43
11622|44
11622|45
11629|L
11630|44,5
11637|L ( 42-46 )
11637|M ( 38-42 )
11647|M
11651|40 2/3
11651|41 1/3
11651|42
11651|42 2/3
11651|45 1/3
11656|40,5
11656|41
11665|L
11669|3XL
11671|43
11671|44
11672|L ( 152-158 )
11672|M ( 140-152 )
11672|S ( 128-140 )
11672|XL ( 158-170 )
11681|37,5
11681|38,5
11683|42,5
11683|44,5
11683|45
11689|43
11689|44
11689|45,5
11706|3XL
11706|L
11706|S
11706|XL
11708|L ( 152-158 )
11708|XL ( 158-170 )
11723|M
11725|43 1/3
11725|44
11727|M ( 38/40 )
11727|S ( 34/36 )
11727|XS ( 32/34 )
11733|2XL
11738|L
11738|XL
11757|2XL
11757|S
11762|2XL
11762|XL
11766|37 1/3
11768|S
11779|L
11781|41
11781|42
11781|42,5
11781|43
11781|44
11793|44,5
11802|L
11806|S ( 34/36 )
11806|XL ( 44/46 )
11809|XL
11817|39 1/3
11817|41 1/3
11817|42 2/3
11817|43 1/3
11817|44
11817|44 2/3
11817|45 1/3
11817|46
11817|46 2/3
11821|L
11822|L ( 152-158 )
11824|36,5
11824|37,5
11824|38
11826|2XL
11826|L
11826|M
11826|S
11835|L
11835|M
11849|L
11849|M
11849|S
11849|XL
11860|S ( 34-38 )
11860|XL (46-50 )
11866|41 1/3
11866|42
11866|42 2/3
11866|43 1/3
11866|44
11866|44 2/3
11877|40 2/3
11877|41 1/3
11877|42
11877|43 1/3
11877|44
11877|44 2/3
11877|46 2/3
11877|47 1/3
11877|48
11878|43 1/3
11882|L ( 152-158 )
11882|M ( 140-152 )
11882|S ( 128-140 )
11882|XL ( 158-170 )
11888|164
11890|L
11890|S
11891|44
11911|140
11913|L ( 42-46 )
11914|L
11920|L ( 152-158 )
11928|L
11928|M
11930|M
11935|2XL
11935|S
11935|XL
11943|M ( 140-152 )
11944|37,5
11955|42
11955|44
11955|44,5
11958|L ( 42-46 )
11962|43 1/3
11970|38,5
11971|XL
11985|40
11985|45
11985|46
11995|41 1/3
11995|43 1/3
11995|44
11995|45 1/3
12004|M
12004|XL
12015|L ( 152-158 )
12020|L
12020|M
12020|XL
12024|36,5
12024|38,5
12025|2XL
12028|S
12028|XL
12034|L
12040|L ( 40/42 )
12041|38
12041|38,5
12045|41
12045|42
12045|42,5
12045|43
12045|44
12045|44,5
12050|XL ( 158-170 )
12056|L
12056|M
12056|XL
12063|M
12071|L
12083|2
12094|L
12094|M
12094|S
12094|XL
12100|L
12100|M
12105|M
12105|S
12105|XL
12107|L
12107|M
12111|M
12111|XL
12125|L
12125|M
12125|S
12125|XL
12139|39
12139|40
12139|41
12139|42
12139|42,5
12139|44
12139|44,5
12139|45
12139|47
12140|40,5
12140|42
12140|44,5
12141|L
12143|2XL
12143|3XL
12143|S
12143|XS
12150|M
12161|0 ( Bambini )
12172|L
12172|M
12176|44
12179|42
12179|42,5
12179|47
12180|42,5
12180|44,5
12183|L
12189|L
12189|M
12196|L
12197|XL ( 158-170 )
12200|44
12202|39
12202|41
12202|42
12202|42,5
12202|43
12202|44
12202|44,5
12202|45
12202|45,5
12202|46
12202|47
12202|47,5
12205|42
12205|43 1/3
12205|44 2/3
12217|42
12217|45,5
12218|3 ( 39-42 )
12228|S
12229|M ( 140-152 )
12229|XL ( 158-170 )
12230|39
12230|40
12230|41
12230|42
12230|42,5
12230|43
12230|44
12230|44,5
12230|45
12230|45,5
12230|46
12230|47
12230|47,5
12238|L
12238|M
12238|S
12238|XL
12240|40
12240|41
12240|44
12263|L
12263|M
12264|M
12268|41
12268|42
12268|43
12268|44
12268|45
12268|45,5
12283|42,5
12283|43
12283|45,5
12284|M
12288|40,5
12288|41
12295|128
12295|140
12295|152
12295|176
12296|35/38
12296|39/42
12296|43/46
12302|L ( 42-46 )
12302|M ( 38-42 )
12302|S ( 34-38 )
12317|42,5
12317|43
12317|44
12319|S
12326|42,5
12328|S
12334|L
12334|M
12340|M
12352|41 1/3
12359|46 2/3
12360|XL
12362|44,5
12375|L
12375|M
12376|L
12376|M
12397|L
12397|M
12397|XL
12401|L
12401|M
12401|XL
12408|M ( 38-42 )
12408|XL (46-50 )
12411|38 2/3
12413|40
12442|35
12447|41
12451|2 ( Senior )
12453|S
12458|42,5
12458|44,5
12461|152
12461|164
12467|41 1/3
12467|42
12467|43 1/3
12467|44
12470|L
12473|M
12489|2XL
12489|XL
12496|45
12507|L
12507|M
12512|L
12512|M
12512|S
12512|XL
12516|XL
12519|L
12519|S
12519|XL
12528|43 1/3
12528|44 2/3
12537|41
12537|42,5
12537|45,5
12539|38,5
12552|M ( 140-152 )
12552|S ( 128-140 )
12558|L
12569|40,5
12569|41
12569|46
12573|36
12573|36,5
12573|38,5
12575|M
12575|XL
12577|2XL
12577|S
12585|2XL
12585|S
12597|L
12597|M
12603|35
12620|L
12620|M
12620|XL
12623|43
12643|41
12643|43
12643|44
12643|45
12645|2XL
12647|44
12647|45
12647|45,5
12653|2XL
12653|S
12653|XL
12667|M
12674|42,5
12675|L
12675|M
12683|2XL
12687|38
12689|XL ( 158-170 )
12690|42
12690|43
12690|44
12690|45,5
12690|47,5
12696|38 2/3
12698|39
12698|40
12698|40,5
12698|41
12698|42
12698|42,5
12698|43
12698|44
12698|44,5
12698|45
12698|45,5
12698|47
12698|47,5
12703|39 1/3
12703|40
12703|40 2/3
12703|46 2/3
12703|47 1/3
12704|43
12714|L ( 152-158 )
12714|S ( 128-140 )
12721|36,5
12721|37,5
12721|38
12721|38,5
12726|39/42
12730|41
12730|42,5
12744|45
12747|164
12747|176
12756|L
12756|M
12756|XL
12761|XL ( 158-170 )
12765|128
12765|140
12771|XL
12780|164
12785|XL
12786|2XL
12789|M ( 38-42 )
12789|XL (46-50 )
12800|44
12800|44,5
12800|45
12809|40,5
12824|42 2/3
12824|43 1/3
12824|44
12839|4 ( 43-45 )
12841|L
12844|3 ( 40-42 )
12844|5 ( 46-48 )
12846|40 2/3
12846|43 1/3
12846|44
12846|44 2/3
12846|45 1/3
12846|46 2/3
12859|42
12859|42 2/3
12859|43 1/3
12859|45 1/3
12860|4 ( 43-45 )
12861|S ( 34-38 )
12861|XL (46-50 )
12881|43
12881|44,5
12881|46
12884|S ( 128-140 )
12894|43
12896|2XL
12896|XL
12901|L
12901|S
12901|XL
12914|L
12919|L ( 152-158 )
12919|M ( 140-152 )
12927|36,5
12935|4 ( 39-42 )
12937|4 ( 43-45 )
12937|5 ( 46-48 )
12951|42
12951|42 2/3
12952|L ( 152-158 )
12952|M ( 140-152 )
12952|XL ( 158-170 )
12953|M ( 140-152 )
12960|XL
12974|2XL
12974|M
12974|S
12975|41
12975|42
12975|42,5
12975|43
12975|44
12975|44,5
12975|45
12975|46
12984|35 - 38
12988|0 ( 31-33 )
12999|2XL
12999|XL
13003|40,5
13003|41
13003|42
13003|42,5
13003|43
13003|44
13003|44,5
13003|45
13003|46
13003|47
13011|L
13011|M
13011|S
13011|XL
13023|M ( 38/40 )
13031|L ( 40/42 )
13031|M ( 38/40 )
13031|S ( 34/36 )
13031|XS ( 32/34 )
13033|2
13045|L ( 42-46 )
13058|M
13067|L
13067|M
13076|43 1/3
13076|44 2/3
13079|XL
13081|42,5
13083|152
13085|33
13085|33,5
13085|36,5
13085|37,5
13085|38
13085|38,5
13086|XL ( 158-170 )
13093|128
13093|140
13093|152
13093|164
13112|S ( 128-140 )
13117|XS ( 116-128 )
13124|3 ( 40-42 )
13124|4 ( 43-45 )
13125|40,5
13136|M ( 140-152 )
13136|XL ( 158-170 )
13152|3 (35-38 )
13183|XS ( 30-34 )
13185|S
13185|XL
13189|M ( 140-152 )
13198|S
13202|39
13203|L ( 152-158 )
13203|M ( 140-152 )
13220|L
13224|M
13226|42
13226|43
13233|L
13235|40,5
13235|42
13242|L
13250|44
13252|43
13252|44,5
13252|45
13252|46
13265|L ( 152-158 )
13274|XL ( 158-170 )
13276|43
13276|44
13276|45
13279|L
13279|M
13279|S
13279|XL
13284|2XL
13286|L
13288|L
13288|M
13301|2XL
13301|L
13301|M
13301|XL
13315|XL
13316|42,5
13320|42
13320|45
13327|XL
13331|L
13331|M
13332|S
13335|2XL
13336|32
13336|36,5
13336|37,5
13336|38,5
13339|L
13339|S
13339|XL
13342|S
13343|M
13347|2 ( 35-38 )
13356|43 1/3
13357|1 ( Junior)
13365|44
13375|L
13379|31
13381|2XL
13381|XL
13394|L
13401|M
13401|S
13418|L ( 152-158 )
13418|S ( 128-140 )
13421|S
13428|39
13428|40
13428|40,5
13428|41
13428|42
13428|42,5
13428|43
13428|44
13428|45
13430|42
13430|42,5
13441|2XL
13441|L
13441|M
13441|S
13441|XL
13452|44 2/3
13454|164/176
13460|44
13460|45 1/3
13463|S
13471|44,5
13474|L
13497|L ( 152-158 )
13497|XL ( 158-170 )
13500|140
13505|M ( 140-152 )
13508|S
13514|43/46
13515|
13532|L
13534|1 ( Junior)
13535|42
13535|45
13553|L
13553|M
13567|40
13567|42,5
13567|43
13567|44,5
13567|45
13567|45,5
13567|46
13569|41
13582|L ( 152-158 )
13582|M ( 140-152 )
13584|42
13584|43
13584|44
13584|44,5
13584|45
13584|45,5
13599|L
13599|M
13607|40
13607|40,5
13607|41
13607|42,5
13607|43
13607|44
13607|44,5
13607|45
13607|46
13612|41
13612|42,5
13612|44,5
13612|45
13617|40,5
13618|44
13630|42 2/3
13647|S ( 34/36 )
13651|45
13655|42
13655|44
13657|140
13657|164
13671|L
13671|S
13675|XL ( 158-170 )
13676|L
13676|S
13691|M
13692|40,5
13692|43
13692|44,5
13721|2XL
13721|XL
13737|S
13737|XL
13752|XL ( 158-170 )
13754|42,5
13758|M
13758|S
13758|XL
13767|3 ( 40-42 )
13767|4 ( 43-45 )
13791|41
13791|42,5
13791|43
13791|44,5
13791|45
13791|46
13798|L ( 152-158 )
13798|XL ( 158-170 )
13800|2XL
13800|L
13800|S
13800|XL
13814|176
13816|M ( 38-42 )
13816|S ( 34-38 )
13816|XL (46-50 )
13817|2XL
13817|S
13819|L ( 152-158 )
13819|M ( 140-152 )
13819|XL ( 158-170 )
13821|2XL
13825|152
13839|38
13839|38,5
13847|L ( 42-46 )
13850|44,5
13850|46
13864|XL ( 158-170 )
13866|S
13868|2XL
13868|L
13868|M
13868|XL
13870|XL ( 158-170 )
13873|M
13880|39 - 42
13880|47 - 50
13888|M
13891|5 ( 43-46 )
13893|1 ( Junior)
13897|152
13897|164
13901|L
13913|L
13913|M
13913|S
13913|XL
13916|128
13920|XL
13921|L
13921|XL
13922|39/42
13922|47/49
13935|2XL
13935|M
13935|S
13935|XL
13941|44
13942|41 1/3
13942|42 2/3
13943|L ( 152-158 )
13945|L
13967|L
13977|L ( 152-158 )
13977|XL ( 158-170 )
13986|L
13986|M
13986|XL
13991|164
13997|L
13999|38 2/3
14003|L
14004|L
14004|M
14011|M
14011|XL
14013|L
14013|M
14022|XL
14026|40
14026|44
14027|43 1/3
14028|2XL
14032|L
14036|L
14036|M
14036|XL
14050|L
14050|M
14054|43
14054|47
14055|M
14057|43
14057|44
14065|164
14069|4 ( 39-42 )
14071|M
14080|44,5
14081|3 (35-38 )
14081|4 ( 39-42 )
14081|5 ( 43-46 )
14081|6 ( 47-50 )
14088|39
14089|L
14089|M
14089|S
14091|37,5
14091|39
14092|M
14092|S
14101|164
14102|S
14111|S ( 128-140 )
14115|M
14115|S
14129|42
14129|42 2/3
14129|47 1/3
14131|M
14134|2XL
14137|M
14148|L
14151|44 2/3
14164|L
14164|M
14169|XL
14182|40
14182|42,5
14182|43
14182|44
14182|44,5
14182|45
14182|45,5
14182|46
14185|L
14185|XL
14210|40
14218|L
14223|42 2/3
14223|43 1/3
14223|44 2/3
14228|2XL
14238|40
14238|42,5
14238|43
14238|44
14245|L
14245|M
14245|S
14245|XL
14248|39
14248|41
14248|42
14248|42,5
14248|44
14248|45,5
14254|L
14254|M
14259|2 ( 37-39 )
14261|XL
14267|3 ( 40-42 )
14267|4 ( 43-45 )
14270|42
14297|40,5
14299|43
14310|L
14310|M
14315|2XL
14315|L
14315|M
14315|S
14315|XL
14320|L
14320|M
14320|XL
14328|2XL
14328|L
14328|S
14328|XL
14328|XS
14334|L
14334|M
14338|L
14345|L ( 152-158 )
14345|M ( 140-152 )
14345|S ( 128-140 )
14345|XL ( 158-170 )
14346|L
14346|M
14347|42
14347|42,5
14347|44
14347|44,5
14347|45
14347|45,5
14350|M ( 140-152 )
14350|S ( 128-140 )
14367|43
14380|5
14380|6
14383|140/152
14389|L
14393|4 ( 43-45 )
14407|XL ( 158-170 )
14408|39 1/3
14408|46 2/3
14420|31
14420|38 2/3
14430|L
14430|M
14430|S
14430|XL
14431|2XL
14431|L
14431|M
14431|S
14431|XL
14432|M
14437|42 2/3
14438|XL
14445|L
14446|4 ( 43-45 )
14446|5 ( 46-48 )
14449|46
14461|L
14461|M
14461|S
14464|5 ( 47-49 )
14467|43
14469|L
14479|42,5
14482|XL
14496|39/42
14496|43/46
14501|2XL
14504|L
14509|M
14509|XL
14510|2XL
14510|S
14510|XL
14513|XL
14514|M
14514|XL
14517|152
14517|164
14519|38
14523|S ( 34-38 )
14523|XL (46-50 )
14523|XS ( 30-34 )
14525|43
14525|44
14525|44,5
14525|45
14525|45,5
14529|M
14529|S
14533|L
14536|3 ( 41-43 )
14538|44
14544|164
14550|4 ( 43-46 )
14552|M
14564|L
14564|M
14582|L
14582|M
14586|S
14586|XL
14589|42
14589|42,5
14589|44
14589|44,5
14590|S
14592|S
14592|XL
14594|L
14594|M
14594|S
14594|XL
14601|37
14601|41,5
14603|2XL
14603|S
14603|XL
14606|2XL
14606|M
14606|XL
14608|L
14608|M
14608|XL
14610|XL (46-48,5)
14622|45,5
14623|2 ( 35-38 )
14623|3 ( 39-42 )
14623|4 ( 43-46 )
14623|5 ( 47-49 )
14624|M
14636|42
14636|42,5
14636|43
14636|44,5
14636|45,5
14636|46
14639|L
14639|M
14639|S
14639|XL
14648|S ( 128-140 )
14650|38,5
14651|L
14651|M
14652|M
14653|L
14654|35,5
14656|44,5
14658|42
14661|M
14663|2XL
14669|L
14672|41 1/3
14672|42 2/3
14672|43 1/3
14672|44
14672|45 1/3
14674|42 2/3
14675|L
14675|M
14687|164
14687|176
14688|L
14688|XL
14699|L
14703|L ( 42-46 )
14704|42 2/3
14704|44
14708|M/L
14715|L
14715|M
14718|M
14718|XL
14719|M
14720|L
14720|M
14720|S
14720|XL
14722|L ( 152-158 )
14722|XL ( 158-170 )
14734|M
14734|XL
14735|128
14735|140
14735|152
14735|164
14739|M
14747|M
14758|43
14758|44,5
14758|45
14760|2 ( 37-39 )
14760|3 ( 40-42 )
14760|5 ( 46-48 )
14765|L ( 152-158 )
14773|L
14776|5 ( 43-46 )
14778|2XL
14784|M
14785|L
14789|128
14789|140
14793|S
14793|XL
14805|M
14807|42,5
14807|44
14815|S
14816|39
14816|41
14816|42
14816|42,5
14816|43
14816|44,5
14816|45,5
14816|47
14821|M
14822|42
14822|42 2/3
14822|43 1/3
14822|44
14822|44 2/3
14822|45 1/3
14823|L
14823|XL
14829|43 1/3
14833|S
14833|XL
14836|2 ( 37-39 )
14841|5 ( 43-46 )
14849|L ( 40/42 )
14860|2XL
14860|M
14863|M
14863|S
14869|L
14869|XL
14871|L
14871|M
14871|S
14871|XL
14873|35
14874|L
14884|M
14885|2XL
14885|L
14885|M
14891|44 2/3
14895|M
14910|43
14919|34
14919|37 1/3
14919|38
14919|38 2/3
14923|37,5
14923|38
14923|40
14923|41,5
14923|42
14923|43
14928|L
14928|M
14944|S
14950|M
14976|42
14979|41 1/3
14979|44 2/3
14979|45 1/3
14979|46 2/3
14982|M
14982|S
14982|XL
14985|42,5
14985|47,5
14986|42
14988|S ( 34-38 )
14988|XL (46-50 )
14990|43 1/3
14991|S
14991|XL
14995|42,5
14995|43
14995|46
15000|42,5
15000|43
15000|44
15017|XL
15018|L
15018|M
15019|L
15019|M
15026|42
15027|3 ( 40-42 )
15027|4 ( 43-45 )
15029|140
15029|152
15029|164
15030|M
15044|2XL
15044|S
15044|XL
15046|43
15046|45
15046|47
15049|XL
15050|2XL
15051|39
15051|40
15051|40,5
15051|41
15051|42
15051|42,5
15051|43
15051|44
15051|44,5
15051|45,5
15051|46
15051|47
15051|47,5
15053|2XL
15054|38,5
15058|5 ( 43-46 )
15064|2XL
15071|42,5
15071|44,5
15080|44
15086|XS ( 30-34 )
15088|42,5
15092|128
15092|140
15095|44
15097|L
15097|S
15099|40
15099|42 2/3
15099|43 1/3
15099|44
15099|44 2/3
15109|3 ( 41-43 )
15119|3 ( 40-42 )
15120|XL
15131|116
15134|42 2/3
15134|43 1/3
15134|44
15134|44 2/3
15138|S
15138|XL
15141|2XL
15143|S
15148|L
15158|M
15169|L
15169|M
15169|XL
15170|L
15172|2XL
15173|M
15178|164
15187|L
15187|M
15187|S
15187|XL
15190|S
15190|XL
15194|M ( 38-42 )
15196|M
15211|L ( 152-158 )
15220|L
15241|M
15249|2 ( 37-39 )
15252|43 1/3
15252|44
15252|44 2/3
15269|XL (46-48,5)
15269|XS ( 30-34 )
15273|40
15273|41
15273|42
15273|42,5
15273|43
15273|44,5
15273|45,5
15282|2 ( 31-34 )
15282|6 ( 47-50 )
15283|L
15284|42,5
15284|44,5
15284|45
15284|46
15286|L ( 152-158 )
15286|XL ( 158-170 )
15289|10
15289|5
15289|6
15289|7
15289|9
15292|2XL
15300|42 2/3
15300|44
15306|L
15306|M
15306|XL
15307|40,5
15307|43
15307|44
15308|L
15308|M
15308|XL
15321|XL ( 158-170 )
15322|S
15324|XS ( 32/34 )
15325|152
15340|XL ( 158-170 )
15344|38
15344|38 2/3
15346|42 2/3
15346|46 2/3
15352|42,5
15355|M
15369|L
15369|M
15375|S ( 34-38 )
15376|42
15376|42 2/3
15381|42 2/3
15390|M
15396|39 - 42
15408|2XL
15428|L ( 152-158 )
15429|L
15429|M
15434|L
15434|S
15438|L ( 152-158 )
15438|XL ( 158-170 )
15460|42
15460|42,5
15472|M
15473|L ( 152-158 )
15473|XL ( 158-170 )
15493|M ( 140-152 )
15497|M
15512|40 2/3
15520|164
15520|176
15536|42
15536|42 2/3
15536|43 1/3
15536|45 1/3
15538|4 ( 43-46 )
15543|M ( 38-42 )
15543|XL (46-50 )
15547|46 2/3
15551|42,5
15551|43
15559|164
15564|4 ( 43-46 )
15567|M
15571|3 ( 40-42 )
15571|4 ( 43-45 )
15576|39
15576|42
15576|44
15577|M
15577|S
15578|S ( 34-38 )
15583|L
15585|140
15586|M
15590|39 1/3
15590|42
15590|44
15593|140
15593|152
15593|164
15595|40 2/3
15595|43 1/3
15602|152
15603|42 2/3
15603|43 1/3
15603|44 2/3
15603|45 1/3
15603|46
15603|47 1/3
15608|2XL
15614|2XL
15614|XL
15625|M ( 140-152 )
15625|XL ( 158-170 )
15632|41
15641|4 ( 43-45 )
15642|1 ( Junior)
15646|M
15652|L
15663|L
15669|L ( 152-158 )
15697|164
15703|42,5
15705|2XL
15705|L
15705|M
15705|XL
15709|152
15715|L
15726|L
15726|M
15726|S
15727|XL
15750|2 ( 35-38 )
15750|5 ( 47-49 )
15752|43
15752|45
15752|45,5
15755|42,5
15755|44
15755|44,5
15755|45
15756|45
15757|M ( 140-152 )
15757|S ( 128-140 )
15757|XS ( 116-128 )
15762|3XL
15762|L
15762|M
15762|S
15762|XL
15765|L
15765|M
15765|XL
15775|37
15775|38
15775|39
15775|39,5
15775|41
15775|42
15775|42,5
15775|43
15778|42
15780|39/42
15780|43/46
15780|47/49
15783|M ( 140-152 )
15783|XL ( 158-170 )
15784|M
15794|L
15803|43
15810|40,5
15810|42,5
15810|43
15810|44,5
15810|45
15813|2XL
15813|L
15813|S
15822|4 ( 43-45 )
15828|3 ( 40-42 )
15828|4 ( 43-45 )
15828|5 ( 46-48 )
15864|L
15864|XL
15866|L
15866|M
15870|35
15878|XL ( 158-170 )
15880|XL
15890|M
15890|S
15891|L
15891|S
15893|43 1/3
15893|44
15893|44 2/3
15893|45 1/3
15893|46
15894|S
15912|M ( 38-42 )
15913|43
15915|XL
15917|44
15917|44,5
15930|43
15930|44
15930|45
15934|XL
15944|2XL
15946|XL
15953|S ( 128-140 )
15955|38,5
15958|42
15962|L
15962|S
15968|44
15971|42
15971|42,5
15971|43
15971|44
15971|44,5
15971|45
15973|L
15973|M
15973|XL
15974|2XL
15975|38
15983|M
15984|2XL
15984|L
15984|S
15984|XL
15988|5 ( 43-46 )
15992|42,5
15996|
15999|35
16000|M
16049|L
16049|M
16051|S
16051|XL
16087|L
16088|M
16088|XL
16089|34
16091|42,5
16091|43
16101|M
16101|S
16101|XL
16103|128
16103|152
16107|40
16107|42 2/3
16107|44
16116|3
16126|38
16129|S
16130|42
16130|42,5
16131|164
16132|2XL
16132|L
16132|M
16145|46
16149|M
16166|164
16172|L
16180|43 1/3
16184|2 ( Senior )
16187|M
16209|XL
16210|40
16210|40 2/3
16210|41 1/3
16210|42
16210|44
16210|44 2/3
16210|45 1/3
16210|46
16213|2XL
16213|S
16213|XL
16214|42,5
16221|2XL
16227|L
16230|M
16232|L
16232|M
16232|S
16245|L
16245|M
16245|S
16245|XL
16249|L
16249|M
16249|S
16249|XL
16254|164/176
16256|42,5
16265|L
16265|M
16268|M
16272|44,5
16277|152
16287|41
16287|43
16287|44
16287|44,5
16287|46
16287|47
16297|33,5
16297|34
16297|35,5
16297|36,5
16297|37,5
16297|38
16297|38,5
16302|S
16302|XL
16304|L ( 152-158 )
16308|L
16308|XL
16309|2XL
16309|S
16317|L
16319|2XL
16319|S
16325|2XL
16325|S
16325|XL
16330|41 1/3
16330|42 2/3
16330|43 1/3
16330|44
16331|L
16332|44 2/3
16345|L ( 152-158 )
16345|XL ( 158-170 )
16346|M
16349|2XL
16349|S
16349|XL
16352|36,5
16352|37,5
16354|2XL
16354|XL
16357|L
16357|S
16357|XL
16361|XL
16365|M
16366|41
16369|S ( 34-38 )
16369|XL (46-50 )
16372|L
16373|44
16376|M
16377|42 2/3
16377|43 1/3
16377|44
16377|44 2/3
16378|XL ( 158-170 )
16396|L
16396|XL
16400|44,5
16418|L
16418|M
16418|XL
16423|2XL
16423|S
16425|43
16425|44,5
16427|39 1/3
16427|41 1/3
16427|42 2/3
16427|44
16427|44 2/3
16427|46
16428|M ( 140-152 )
16436|XL (46-50 )
16449|140
16449|152
16449|164
16462|2XL
16466|2XL
16466|S
16468|41
16468|44
16481|L
16504|L
16504|M
16504|S
16504|XL
16505|40
16505|41
16505|42,5
16505|44
16519|M
16519|S
16531|44
16556|M
16565|44
16597|2XL
16597|3XL
16597|L
16597|M
16597|S
16597|XL
16599|L ( 42-46 )
16599|M ( 38-42 )
16599|XL (46-50 )
16602|40,5
16602|41
16602|43
16602|45
16602|47,5
16604|L
16604|M
16604|S
16615|L
16615|M
16630|L
16635|2XL
16640|2XL
16640|XL
16641|S ( 34/36 )
16660|M
16665|38
16673|L
16677|31
16677|38
16685|42,5
16689|L
16689|M
16689|XL
16690|36
16698|XL ( 158-170 )
16706|43
16706|44
16707|2XL
16707|L
16709|M ( 38-42 )
16709|S ( 34-38 )
16716|45,5
16719|164
16723|M
16725|42,5
16725|43
16725|44
16725|45,5
16725|46
16727|M
16733|40
16733|41 1/3
16733|42
16735|S
16741|M
16743|L
16747|128
16747|140
16747|146
16747|164
16750|2XL
16751|L
16755|L
16755|M
16755|S
16756|L
16756|M
16761|38 2/3
16763|39 1/3
16763|42
16763|43 1/3
16763|46
16765|164
16770|M
16780|43
16780|44
16780|45
16780|45,5
16785|S
16786|38,5
16786|39
16788|XL (46-48,5)
16797|140
16797|176
16799|S ( 128-140 )
16804|XL
16806|L
16806|M
16806|S
16806|XL
16812|42
16814|44,5
16814|45
16817|152
16817|164
16817|176
16826|140
16826|152
16826|164
16827|XL
16835|43
16842|L
16842|M
16842|S
16842|XL
16848|2XL
16850|44
16853|S
16853|XL
16854|38,5
16868|L
16868|M
16868|XL
16872|3 ( 40-42 )
16872|5 ( 46-48 )
16876|L
16877|2XL
16882|8
16894|152
16894|164
16902|2XL
16902|L
16902|M
16902|S
16902|XL
16907|L
16911|42
16911|43
16911|44
16911|44,5
16911|45
16912|164
16918|44,5
16923|2XL
16923|L
16923|XL
16924|44 2/3
16929|42
16931|42 2/3
16932|L
16932|M
16932|XL
16942|152
16942|164
16949|M
16950|44 2/3
16950|46
16962|XL ( 158-170 )
16963|S
16970|L
16970|M
16971|1 ( 33-36 )
16971|2 ( 37-40 )
16971|3 ( 41-43 )
16974|44,5
16976|3XL
16978|4 ( 39-42 )
16978|5 ( 43-46 )
16979|164
16980|S
16982|40
16982|45
16984|L
16984|M
16984|S
16984|XL
16992|L
16992|XL
16993|2XL
16993|L
16993|S
16993|XL
16996|43
17009|L
17009|M
17009|S
17009|XL
17009|XS
17012|L
17012|S
17013|XL ( 158-170 )
17018|164
17019|L
17019|M
17019|XL
17024|L
17024|M
17024|XL
17026|L
17026|S
17026|XL
17027|M
17029|42
17029|42,5
17029|43
17029|44
17029|44,5
17029|45
17029|46
17029|47
17035|M
17035|S
17046|2 ( 37-39 )
17046|4 ( 43-45 )
17061|XL ( 158-170 )
17069|164
17075|L
17075|M
17075|XL
17079|M ( 38/40 )
17087|4 ( 39-42 )
17087|5 ( 43-46 )
17088|L
17088|M
17097|45,5
17103|140
17103|176
17124|42,5
17124|43
17124|44
17124|44,5
17124|45,5
17124|46
17124|47
17131|M ( 38/40 )
17136|43
17136|44,5
17136|45
17136|45,5
17140|41 1/3
17140|44
17147|4 ( 43-45 )
17148|116
17148|152
17148|164
17153|L
17153|M
17155|3 ( 39-42 )
17158|L ( 152-158 )
17158|XL ( 158-170 )
17161|45,5
17162|42,5
17164|47
17175|41
17180|2XL
17189|40,5
17189|41
17189|42
17189|43
17189|44
17189|45
17189|46
17195|39 - 42
17195|47 - 50
17208|L
17212|2XL
17213|46
17214|L
17214|M
17214|S
17218|L
17218|S
17218|XL
17219|M
17219|S
17219|XL
17225|3 ( 40-42 )
17225|4 ( 43-45 )
17225|5 ( 46-48 )
17227|M ( 38/40 )
17229|14 (46-48)
17232|M
17241|L
17241|S
17243|L
17243|M
17248|41
17248|42
17251|42,5
17255|40
17255|40,5
17255|41
17255|42,5
17255|43
17255|44,5
17255|45,5
17266|L
17266|M
17276|2XL
17276|L
17276|M
17276|S
17276|XL
17282|164
17297|42
17297|42 2/3
17302|2XL
17302|L
17302|S
17302|XL
17304|43
17313|L
17313|M
17313|XL
17321|2XL
17321|L
17321|M
17321|S
17321|XL
17321|XS
17332|XL
17346|L
17346|S
17346|XL
17356|M
17359|2XL
17359|M
17359|S
17361|43
17364|43
17373|S
17382|42
17382|42,5
17382|44
17389|140
17389|152
17389|164
17393|L
17401|140
17401|152
17403|L
17403|M
17403|S
17403|XL
17407|43 1/3
17407|44
17407|44 2/3
17412|40
17412|44
17412|44 2/3
17421|L
17421|M
17425|L
17449|L
17449|M
17449|XL
17456|L
17456|M
17456|XL
17461|5 ( 46-48 )
17463|128
17466|L
17466|M
17466|S
17477|L
17477|M
17477|S
17486|140
17487|44
17489|L
17489|M
17492|36
17492|37 1/3
17492|38
17492|38 2/3
17494|2XL
17498|M
17502|S
17519|L
17519|M
17522|L
17522|M
17525|M
17525|XL
17528|XL
17545|L
17549|43
17551|39
17551|40
17570|3XL
17570|L
17570|M
17570|S
17570|XL
17571|40 2/3
17571|42 2/3
17571|44
17571|46
17572|L ( 152-158 )
17572|S ( 128-140 )
17578|42 2/3
17581|37 1/3
17581|38
17587|S
17588|S
17588|XL
17592|S
17592|XL
17594|44
17608|M
17609|L
17609|M
17609|XL
17611|38
17611|39
17619|164
17626|42
17626|44
17626|47
17633|45,5
17636|44,5
17636|48,5
17654|2XL
17655|38 2/3
17662|2
17666|40
17666|42
17666|44
17669|38,5
17671|43
17671|44
17672|M
17673|XL ( 158-170 )
17681|M ( 38/40 )
17681|S ( 34/36 )
17682|L
17687|L
17687|M
17701|XL ( 158-170 )
17704|44,5
17708|41
17708|42
17708|42,5
17708|43
17708|44,5
17708|46
17709|43
17709|44
17712|M ( 38/40 )
17717|M ( 140-152 )
17720|140
17722|140
17722|164
17726|43
17726|44
17726|44,5
17726|45,5
17732|L
17736|XL
17750|45,5
17761|L
17764|M
17768|35
17768|35,5
17768|36
17768|36,5
17768|37,5
17768|38
17768|38,5
17771|2XL
17771|S
17771|XS
17775|44 2/3
17778|41
17788|S
17788|XL
17797|2XL
17797|S
17797|XL
17797|XS
17798|40,5
17798|42,5
17798|43
17800|L
17804|L
17804|M
17811|L ( 152-158 )
17811|M ( 140-152 )
17813|1 ( Junior)
17814|41
17814|42,5
17818|L ( 152-158 )
17820|L
17820|M
17834|43 1/3
17836|42 2/3
17836|44
17838|L
17841|4 ( 39-42 )
17848|42
17848|43
17856|42,5
17856|44,5
17858|S
17858|XL
17861|43 1/3
17862|43 1/3
17876|XL
17885|M ( 140-152 )
17893|42 2/3
17894|43 1/3
17894|46
17907|L
17907|S
17907|XL
17913|M
17931|XL
17933|M
17941|M
17947|L
17957|2 ( 37-39 )
17957|3 ( 40-42 )
17957|4 ( 43-45 )
17957|5 ( 46-48 )
17967|L
17967|M
17967|XL
17985|4XL
17985|XL
17989|L
17989|M
18004|45,5
18005|L
18005|M
18005|S
18009|L
18009|M
18015|2XL
18015|XL
18016|L
18016|M
18023|M
18024|M ( 140-152 )
18024|S ( 128-140 )
18024|XL ( 158-170 )
18029|XS/S
18060|39 1/3
18060|46
18062|L
18079|L
18079|M
18091|S
18091|XL
18092|43
18092|44,5
18096|L
18097|L ( 152-158 )
18097|XL ( 158-170 )
18143|S
18143|XL
18146|43,5
18158|42 2/3
18158|43 1/3
18158|44
18161|L
18161|M
18161|XL
18162|44
18170|S
18170|XL
18172|L
18178|152
18179|L
18179|M
18182|S
18184|XS
18185|41
18185|44,5
18195|S
18207|L
18215|L ( 42-47 )
18228|2XL
18228|M
18228|XL
18232|2XL
18232|XL
18233|L
18236|42,5
18236|43
18236|45
18250|44
18255|4 ( 39-42 )
18256|42
18256|43 1/3
18256|46
18265|44
18297|L ( 40/42 )
18297|M ( 38/40 )
18297|S ( 34/36 )
18301|2XL
18301|M
18301|S
18301|XL
18308|47 - 50
18309|41 - 44
18314|5 ( 43-46 )
18333|44
18333|44,5
18339|42 2/3
18339|43 1/3
18339|44
18339|44 2/3
18339|45 1/3
18340|M
18344|45,5
18356|3XL
18373|L
18373|XL
18375|S
18375|XL
18376|164
18378|M
18379|L
18379|M
18386|164
18389|L ( 42-46 )
18389|M ( 38-42 )
18390|42,5
18390|43
18390|44
18390|44,5
18395|2XL
18397|M
18399|40
18399|41
18399|42
18399|42,5
18399|44,5
18399|45,5
18401|M
18401|S
18407|39,5
18413|3 ( 40-42 )
18413|5 ( 46-48 )
18415|XL
18429|7 ( L )
18438|L
18438|S
18442|38,5
18445|M ( 38/40 )
18445|S ( 34/36 )
18445|XL ( 44/46 )
18445|XS ( 32/34 )
18448|XL
18451|44,5
18457|L
18457|XL
18463|XL
18467|43 1/3
18467|45 1/3
18467|46 2/3
18468|164
18469|44 2/3
18471|L
18472|L
18472|M
18472|XL
18477|164
18481|M
18489|164
18496|M
18497|42
18497|42,5
18499|2XL
18499|L
18499|M
18499|XL
18504|L
18504|M
18504|S
18504|XL
18522|L
18522|M
18534|43 1/3
18534|44
18539|42
18539|44 2/3
18542|XL
18551|L
18555|44,5
18559|39 1/3
18559|40 2/3
18559|41 1/3
18559|42
18559|42 2/3
18559|43 1/3
18559|44
18559|44 2/3
18559|45 1/3
18559|46
18559|46 2/3
18560|L
18560|M
18560|S
18560|XL
18562|XL
18562|XS
18567|164
18571|37,5
18572|L
18574|44 2/3
18574|46
18578|36
18595|M
18603|L
18603|M
18603|S
18608|M ( 38/40 )
18609|2XL
18611|M
18620|152
18621|XL
18623|5 ( 43-46 )
18626|40
18626|42
18626|43
18626|44
18626|44,5
18626|45
18628|37,5
18628|38
18628|38,5
18631|44
18634|42
18634|43
18634|46
18642|L
18642|M
18642|S
18642|XL
18648|43 - 46
18667|152
18667|164
18670|XL ( 158-170 )
18672|39
18688|44
18688|45 1/3
18701|L
18701|M
18702|164
18707|L
18709|152
18720|M
18722|116
18746|38,5
18749|2XL
18749|L
18749|S
18751|L
18754|
18756|L ( 152-158 )
18756|XL ( 158-170 )
18757|42
18757|42 2/3
18766|40
18766|40,5
18766|42,5
18766|44
18766|45
18766|45,5
18766|46
18773|M
18780|L ( 152-158 )
18785|2XL
18806|L
18806|M
18806|S
18806|XL
18807|40
18807|43
18812|41
18812|42
18812|43
18812|44,5
18812|45
18812|45,5
18812|46
18813|41
18813|42
18813|42,5
18813|43
18813|44
18813|44,5
18813|45,5
18813|46
18819|L
18822|L
18828|44,5
18838|M
18840|L
18840|M
18840|S
18852|M ( 38-42 )
18852|XL (46-50 )
18856|XL
18859|3 ( 40-42 )
18859|5 ( 46-48 )
18871|34
18881|XL ( 158-170 )
18888|176
18897|164/176
18905|42,5
18905|45
18909|M
18911|XL
18915|XL
18917|2XL
18917|L
18917|M
18923|XL
18946|L
18946|M
18946|S
18946|XL
18954|L ( 152-158 )
18969|2XL
18969|S
18969|XL
18977|2 ( Senior )
18982|2XL
18988|128
18992|39
19004|2XL
19006|L
19010|L
19010|M
19013|2XL
19013|M
19013|S
19013|XL
19027|XL
19031|44
19032|164
19033|42,5
19033|44,5
19033|45
19054|XS ( 116-128 )
19058|36
19058|37
19058|37,5
19058|38
19058|38,5
19058|39
19058|40
19058|40,5
19058|41
19058|42
19063|M
19067|42,5
19069|42 2/3
19080|41
19080|42,5
19080|44
19089|42 2/3
19089|45 1/3
19095|42
19095|42 2/3
19095|45 1/3
19098|S
19107|L
19110|M
19121|42,5
19129|L
19148|XL ( 158-170 )
19150|41 1/3
19150|43 1/3
19162|2XL
19162|S
19162|XL
19168|2XL
19168|M
19171|176
19191|44
19196|L
19196|M
19196|XL
19199|2XL
19202|L
19202|M
19204|38,5
19205|XL ( 158-170 )
19217|L
19217|M
19229|46 2/3
19231|L ( 40/42 )
19231|M ( 38/40 )
19241|L ( 42-46 )
19245|S
19246|38
19247|M
19248|41 1/3
19248|43 1/3
19248|46
19253|L
19255|M
19255|S
19264|S
19264|XL
19265|L
19265|M
19265|XL
19266|L/T
19267|42 2/3
19272|40 2/3
19272|41 1/3
19272|42
19272|42 2/3
19272|43 1/3
19272|44
19272|44 2/3
19272|45 1/3
19272|46
19272|46 2/3
19277|L
19280|42
19280|42,5
19280|43
19280|44
19280|44,5
19280|45
19280|46
19301|43
19318|44
19318|44,5
19318|46
19323|42
19323|43 1/3
19323|44 2/3
19325|35,5
19331|M
19332|40,5
19332|42
19332|43
19332|44,5
19349|M
19353|152
19353|164
19354|2XL
19368|L
19378|M
19380|42,5
19380|44
19381|5 ( 46-48 )
19385|L
19385|M
19385|S
19396|L
19396|M
19405|40 2/3
19432|XL
19439|L ( 152-158 )
19439|XL ( 158-170 )
19444|152
19450|L
19450|M
19456|L
19456|XL
19459|L
19459|M
19459|S
19459|XL
19470|40 2/3
19470|43 1/3
19470|44 2/3
19473|4 ( 43-46 )
19474|44
19485|38,5
19498|L
19498|M
19499|L ( 42-46 )
19505|XL
19506|S ( 128-140 )
19506|XS ( 116-128 )
19517|
19527|S
19529|L
19533|43/46
19537|2XL
19537|S
19539|42,5
19539|45
19547|M
19556|M
19579|40
19579|40,5
19579|42,5
19579|44
19579|45
19579|46
19579|47,5
19580|4 ( 44-46 )
19582|L
19587|L
19587|M
19587|S
19588|S
19588|XL
19591|2XL
19591|L
19591|M
19591|S
19591|XL
19591|XS
19592|L
19601|42
19601|43
19601|44
19601|45,5
19613|40,5
19613|44,5
19616|4 ( 43-45 )
19630|41
19630|42
19635|39
19635|40
19635|40,5
19635|42
19635|43
19635|44
19635|47
19638|42,5
19638|44
19638|45,5
19639|40
19639|42,5
19639|44
19645|M
19648|42 2/3
19648|44
19648|45 1/3
19649|M
19652|L
19652|M
19653|L
19653|M
19653|S
19653|XL
19661|L
19661|M
19661|S
19661|XL
19662|L
19666|41
19666|42
19668|S ( 128-140 )
19668|XS ( 116-128 )
19671|41 1/3
19671|42 2/3
19671|44 2/3
19671|45 1/3
19671|46 2/3
19671|47 1/3
19678|2XL
19678|S
19678|XL
19682|42
19682|44
19695|L ( 42-46 )
19695|M ( 38-42 )
19696|45 1/3
19698|152
19704|36 2/3
19704|38 2/3
19712|42
19712|43 1/3
19712|44
19712|44 2/3
19712|45 1/3
19724|L
19724|M
19734|42
19734|44
19742|M
19759|M ( 38/40 )
19760|2XL
19760|3XL
19760|XS
19782|39
19782|41
19782|42
19782|42,5
19782|43
19782|44,5
19782|45
19782|45,5
19782|46
19787|37 1/3
19813|M ( 38-42 )
19813|S ( 34-38 )
19814|38,5
19822|34
19822|35
19822|35,5
19822|36
19822|36,5
19822|37,5
19822|38
19834|S ( 34/36 )
19834|XS ( 32/34 )
19837|M
19841|S
19853|2XL
19853|S
19855|44
19872|45
19879|L
19879|M
19885|L
19885|M
19885|XL
19887|43
19887|44,5
19891|
19895|XL
19905|L
19909|L
19909|M
19913|42
19919|L
19919|M
19920|M ( 38/40 )
19928|47
19935|L
19935|M
19936|2XL
19936|L
19936|XL
19937|39
19937|40,5
19937|41
19937|42
19937|42,5
19937|43
19937|44
19937|44,5
19937|45
19937|45,5
19937|46
19937|47
19937|47,5
19949|M
19950|L ( 152-158 )
19950|S ( 128-140 )
19953|L
19953|M
19953|S
19962|XL
19963|39
19963|40,5
19963|41
19966|152
19969|39
19969|40,5
19969|42
19969|42,5
19969|43
19969|44
19969|44,5
19969|45
19969|45,5
19969|46
19969|47
19969|47,5
19975|3 ( 39-42 )
19975|4 ( 43-46 )
19977|L
19977|M
19977|XL
19986|M
19987|42,5
19992|L
19992|M
19992|XL
20001|36,5
20001|38,5
20007|L
20007|M
20017|S
20017|XL
20028|L
20028|M
20036|4 ( 39-42 )
20042|3 ( 40-42 )
20042|4 ( 43-45 )
20043|M
20053|L
20067|M
20067|XL
20074|L
20090|42,5
20090|43
20096|M ( 38-42 )
20096|S ( 34-38 )
20096|XL (46-50 )
20098|L
20099|36
20105|M
20106|XS ( 116-128 )
20108|128
20108|140
20110|M
20110|XL
20112|45,5
20113|L
20114|37,5
20114|38,5
20116|L
20117|3 ( 40-42 )
20121|XL ( 158-170 )
20121|XS ( 116-128 )
20127|L ( 42-46 )
20131|L ( 152-158 )
20132|47
20141|4 ( 43-46 )
20147|44
20147|45
20149|S
20154|36
20154|38
20162|2 ( 37-39 )
20164|4 ( 39-42 )
20166|40,5
20166|43
20172|42
20181|L
20181|M
20181|S
20181|XL
20185|L
20186|L
20186|M
20216|S ( 34-38 )
20216|XL (46-50 )
20220|45
20229|40,5
20234|44
20236|41
20237|L
20237|M
20237|XL
20240|7 ( L )
20244|176
20248|
20253|XL
20254|L
20254|M
20254|S
20258|41
20258|42,5
20262|M
20266|35 - 38
20266|39 - 42
20266|43 - 46
20273|164
20277|38
20288|2XL
20288|L
20288|XL
20294|XL
20295|L
20295|M
20302|128
20303|2XL
20314|37
20338|L
20338|M
20340|4 ( 44-46 )
20342|XL
20351|44,5
20365|44
20367|3 ( 40-42 )
20370|L
20370|M
20370|XL
20386|L
20386|M
20386|XL
20387|L
20387|XL
20388|43
20390|L
20390|M
20390|S
20390|XL
20398|L ( 152-158 )
20400|M
20401|S
20401|XL
20405|40
20405|40,5
20405|41
20419|XL ( 158-170 )
20422|176
20443|40,5
20443|42,5
20443|44,5
20443|45,5
20443|47
20450|L
20450|M
20450|S
20450|XL
20454|152
20456|S ( 34-38 )
20456|XL (46-50 )
20463|L
20463|XL
20470|S
20470|XL
20475|L ( 152-158 )
20475|M ( 140-152 )
20475|S ( 128-140 )
20475|XL ( 158-170 )
20476|42
20476|44,5
20482|L
20482|M
20482|S
20482|XL
20497|L
20497|M
20505|2XL
20508|2XL
20508|L
20508|M
20508|S
20508|XL
20512|39
20512|40
20514|45
20515|43
20519|3 ( 41-43 )
20529|2XL
20529|S
20529|XL
20536|L
20536|M
20548|M
20548|S
20550|L
20550|S
20554|2XL
20554|3XL
20554|L
20555|M ( 38-42 )
20563|39
20565|5 ( 46-48 )
20567|140/152
20578|M
20581|39
20581|41
20581|42
20581|42,5
20581|43
20581|44
20581|44,5
20581|45
20581|46
20582|M ( 140-152 )
20582|XL ( 158-170 )
20590|2XL
20590|M
20590|XL
20597|M
20599|40
20609|L ( 42-46 )
20614|39
20614|40,5
20614|41
20614|42
20614|43
20614|44
20614|44,5
20614|46
20614|47
20614|47,5
20621|M
20622|L
20624|40,5
20624|42
20625|M
20627|L
20641|44
20649|L
20649|XL
20656|2XL
20667|L
20667|M
20679|39
20683|S
20683|XL
20686|L
20686|M
20696|42
20697|37,5
20697|38
20697|38,5
20705|39
20705|40,5
20705|41
20705|42
20705|42,5
20705|43
20705|44
20705|45,5
20705|46
20714|2XL
20714|XL
20717|L ( 40/42 )
20717|M ( 38/40 )
20717|S ( 34/36 )
20717|XS ( 32/34 )
20719|164
20728|5 ( 46-48 )
20737|M
20753|L
20753|M
20753|S
20756|M ( 38/40 )
20763|S ( 34-38 )
20764|34
20764|35
20764|37 1/3
20764|38
20764|38 2/3
20767|39
20777|176
20782|44
20782|45
20782|45,5
20794|4 ( 43-46 )
20795|L
20795|S
20802|41
20802|42
20802|42,5
20802|43
20802|44
20802|44,5
20802|45
20802|45,5
20802|46
20802|47
20815|L
20815|XL
20816|43
20816|44,5
20816|45
20816|46
20816|47
20823|37,5
20827|M ( 38/40 )
20828|2XL
20851|42
20852|M
20860|S ( 34-38 )
20860|XL (46-50 )
20864|M
20866|XL
20889|44
20891|37,5
20891|38,5
20895|43
20895|44
20895|45
20898|L
20898|M
20898|S
20898|XS
20900|S ( 34-38 )
20905|41
20909|01 Junior
20912|XL
20918|L
20918|M
20918|S
20921|L ( 40/42 )
20926|4 ( 43-45 )
20927|M
20946|L
20946|M
20946|XL
20952|L ( 152-158 )
20952|M ( 140-152 )
20952|XL ( 158-170 )
20970|S
20973|4 ( 39-42 )
20976|43 1/3
20978|M
20978|S
20984|43
20988|L
20998|S
20998|XL
21001|
21002|M
21017|42
21017|45
21017|45,5
21017|46
21022|152
21025|M
21030|M ( 38-42 )
21030|XL (46-50 )
21033|152
21036|XL
21041|L
21041|M
21041|S
21041|XL
21058|L
21058|M
21062|L ( 152-158 )
21062|XL ( 158-170 )
21068|3 ( 40-42 )
21068|5 ( 46-48 )
21071|37,5
21076|36,5
21076|38
21078|L
21078|S
21078|XL
21083|41
21083|42
21083|42,5
21083|43
21083|44
21083|44,5
21083|46
21083|47
21085|M
21102|L ( 152-158 )
21102|XL ( 158-170 )
21110|40,5
21110|43
21110|44,5
21111|2XL
21111|L
21111|M
21111|XL
21116|S ( 34/36 )
21120|S ( 34-38 )
21120|XL (46-50 )
21129|L
21133|41
21133|42,5
21133|45
21138|L
21138|M
21138|S
21139|L
21147|42,5
21147|43
21147|44
21147|44,5
21147|45
21147|45,5
21147|46
21151|L
21151|S
21153|M
21170|L
21170|M
21170|XL
21173|L
21176|L
21177|L ( 40/42 )
21194|40 2/3
21194|41 1/3
21194|42
21194|42 2/3
21194|43 1/3
21194|44
21194|44 2/3
21194|45 1/3
21194|46
21194|47 1/3
21209|L
21209|M
21214|152
21218|L
21218|M
21218|S
21218|XL
21224|42
21224|42,5
21224|44
21224|44,5
21224|45
21224|45,5
21224|46
21224|47
21225|2 ( 37-39 )
21227|2XL
21234|39
21234|40
21234|41
21248|42
21248|46
21250|39
21257|41 1/3
21257|44
21263|L
21264|41
21264|42,5
21264|43
21264|44,5
21264|45
21264|45,5
21265|42
21265|45
21265|46
21266|XL
21270|2XL
21282|XL
21282|XS
21284|L
21284|M
21289|164
21308|39
21308|40
21308|43
21308|44
21308|44,5
21308|45
21308|45,5
21308|46
21308|47,5
21317|2XL
21317|M
21326|L
21337|2XL
21337|XL
21339|XL ( 158-170 )
21353|128
21353|152
21353|164
21364|XL ( 158-170 )
21370|38
21372|2XL
21372|S
21377|42
21377|43
21378|5 ( 47-49 )
21387|M
21387|S
21391|39
21391|42,5
21391|43
21398|41
21398|42
21398|42,5
21398|45
21405|2XL
21417|42,5
21418|45,5
21418|47
21420|M
21431|M
21434|164
21439|4 ( 43-45 )
21446|152
21446|164
21447|41
21447|42,5
21447|43
21447|44
21447|44,5
21447|45
21452|42
21452|42,5
21452|43
21452|44
21452|44,5
21452|45
21452|45,5
21453|43
21457|3 ( 40-42 )
21465|2XL
21465|L
21465|M
21476|L
21476|S
21477|2XL
21486|L
21486|XL
21487|M
21490|M
21490|S
21490|XL
21492|45,5
21496|M
21517|L
21520|M
21539|2XL
21541|S
21541|XL
21547|M
21553|2XL
21553|L
21553|XL
21559|4 ( 39-42 )
21564|S
21572|L
21572|M
21572|S
21572|XL
21578|38
21588|M
21598|M ( 140-152 )
21602|M
21605|L
21610|164
21614|M
21614|S
21618|3 ( 40-42 )
21618|5 ( 46-48 )
21626|3 ( 40-42 )
21626|4 ( 43-45 )
21626|5 ( 46-48 )
21631|42
21631|43
21631|44,5
21631|45
21631|45,5
21643|42,5
21643|43
21655|L
21666|L
21666|M
21669|44 2/3
21672|116-122
21672|128
21672|140
21682|M ( 140-152 )
21682|S ( 128-140 )
21682|XL ( 158-170 )
21685|40
21692|M
21717|L
21734|S
21735|S
21738|42 2/3
21738|43 1/3
21738|44
21738|45 1/3
21738|47 1/3
21738|48
21743|2XL
21743|M
21743|S
21743|XL
21761|2XL
21761|L
21761|M
21761|XL
21775|M
21782|L
21794|L
21794|S
21794|XL
21799|S
21799|XL
21802|2XL
21802|M
21823|XL ( 158-170 )
21851|43
21851|47
21858|2XL
21858|XL
21859|152
21860|L
21875|128
21875|140
21876|44
21876|46
21886|43
21886|44
21891|40,5
21891|42,5
21891|43
21892|44
21900|46
21907|XL ( 158-170 )
21910|44
21910|45,5
21915|4 ( 43-46 )
21918|S
21925|12 (41-45)
21969|L
21969|M
21973|164/176
21980|2XL
21980|M
21980|S
21980|XL
21986|38,5
21995|164
21996|L ( 152-158 )
21996|XS ( 116-128 )
21999|L
21999|M
21999|S
22022|43
22022|44,5
22022|46
22030|152
22030|164
22051|M
22053|L
22053|S
22054|41
22054|45
22059|3 ( 40-42 )
22067|42,5
22067|44
22067|44,5
22069|L
22069|M
22070|152
22070|164
22079|38,5
22080|L
22080|M
22080|XL
22081|M
22084|M
22085|L
22102|L
22102|M
22108|4 ( 43-46 )
22127|37 1/3
22128|2 ( 37-39 )
22128|3 ( 40-42 )
22128|5 ( 46-48 )
22129|M ( 38/40 )
22132|XL
22139|40,5
22139|43
22139|45,5
22139|46
22142|M ( 140-152 )
22142|XL ( 158-170 )
22151|140
22158|2XL
22158|XL
22167|L
22167|M
22167|S
22168|47
22169|46
22169|46 2/3
22169|47 1/3
22169|48 2/3
22170|40 2/3
22170|43 1/3
22170|44 2/3
22177|L
22190|43 - 46
22195|2XL
22195|S
22197|XL
22199|37
22200|42,5
22200|44
22204|4 ( 39-42 )
22206|L
22206|M
22206|S
22230|L ( 152-158 )
22230|XL ( 158-170 )
22236|39 1/3
22236|40 2/3
22236|43 1/3
22236|45 1/3
22236|48
22244|XL
22248|L
22248|XL
22249|44
22261|44
22263|L
22263|S
22293|XL ( 158-170 )
22298|34
22298|38 2/3
22307|L ( 152-158 )
22308|XL (46-50 )
22316|M
22317|2 ( 37-39 )
22325|M
22325|S
22338|2XL
22340|S ( 128-140 )
22340|XL ( 158-170 )
22341|L
22341|M
22343|M
22349|42 2/3
22349|43 1/3
22349|46
22354|40
22354|46 2/3
22362|2XL
22367|XL
22379|3 ( 40-42 )
22379|4 ( 43-45 )
22379|5 ( 46-48 )
22406|L
22406|XL
22409|L
22413|44
22413|45 1/3
22413|46
22417|L/T
22419|S ( 34/36 )
22420|2XL
22420|S
22428|42
22428|44
22428|44,5
22430|38/40 ( M / L )
22435|XL ( 158-170 )
22456|2XL
22458|L
22458|M
22458|XL
22459|L
22463|2XL
22477|L
22490|44,5
22490|45
22498|L ( 152-158 )
22505|L
22505|M
22505|S
22505|XL
22514|L
22523|140
22523|152
22530|L
22531|L
22531|M
22531|S
22532|2XL
22532|L
22532|M
22532|S
22532|XL
22533|140
22535|L
22535|M
22546|140
22550|38,5
22553|XL (46-50 )
22574|41 1/3
22574|42
22574|43 1/3
22574|45 1/3
22575|YLG 147,5-157,5
22575|YM 135-147,5
22581|42
22581|43
22581|44
22581|44,5
22581|45
22582|44 2/3
22585|L
22585|M
22585|XL
22587|41 1/3
22588|46
22591|M
22593|42
22597|41 1/3
22603|43
22605|L ( 42-46 )
22605|S ( 34-38 )
22607|2XL
22607|L
22607|M
22607|S
22609|L
22609|XL
22613|41
22613|42,5
22613|45
22613|46
22613|47
22613|47,5
22614|S ( 128-140 )
22618|M ( 140-152 )
22618|XS ( 116-128 )
22621|L
22621|XS
22623|L
22623|M
22623|XL
22625|XL ( 158-170 )
22631|152
22631|164
22632|S
22636|44
22638|42,5
22638|43
22638|44
22638|44,5
22638|45
22638|45,5
22638|46
22638|47
22639|40 2/3
22639|42 2/3
22639|43 1/3
22639|45 1/3
22639|46
22643|38,5
22651|L
22651|M
22651|S
22651|XL
22669|L
22671|L
22671|M
22681|XL
22682|43
22688|164
22689|L
22689|M
22700|2XL
22700|M
22700|XL
22706|M
22706|XL
22707|M
22710|L
22710|M
22710|XL
22712|4 ( 43-45 )
22714|34
22718|45,5
22722|XL ( 158-170 )
22742|42
22742|43 1/3
22742|45 1/3
22758|XS
22760|2XL
22760|L
22760|S
22760|XL
22766|M
22774|36 2/3
22774|38
22774|38 2/3
22777|XL ( 158-170 )
22779|140
22795|M ( 38/40 )
22803|42
22803|43 1/3
22803|44
22810|40
22810|42
22810|44
22810|45
22810|46
22818|M ( 140-152 )
22818|S ( 128-140 )
22820|164
22835|L
22842|XS
22844|43
22844|45
22869|41
22869|42
22869|43
22869|44
22869|45
22869|46
22869|47
22872|M ( 140-152 )
22878|L
