pid|size|soldOutDate
10008|XL|2018-02-14
10015|L|2018-02-14
10031|43|2018-02-14
10031|45|2018-02-14
10035|XL ( 158-170 )|2018-02-23
10042|37,5|2018-02-14
10046|L|2018-02-28
10046|M|2018-02-19
10051|XL ( 158-170 )|2018-02-28
10063|L|2018-02-10
10064|44|2018-02-28
10069|36|2018-02-28
10073|XL ( 44/46 )|2018-02-17
10083|S|2018-02-28
10084|M|2018-02-12
10085|44|2018-02-24
10096|L|2018-02-14
10096|M|2018-02-14
10096|XL|2018-02-28
10098|39|2018-02-14
10102|2XL|2018-02-28
10102|XL|2018-02-28
10111|XL|2018-02-28
10115|43 1/3|2018-02-28
10116|M|2018-02-20
10119|41 1/3|2018-02-26
10119|44 2/3|2018-02-12
10119|45 1/3|2018-02-17
10119|46 2/3|2018-02-20
10125|S|2018-02-23
10133|44|2018-02-28
10137|37 1/3|2018-02-28
10157|L|2018-02-11
10164|M ( 140-152 )|2018-02-07
10164|S ( 128-140 )|2018-02-28
10164|XL ( 158-170 )|2018-02-07
10169|3 ( 40-42 )|2018-02-10
10169|5 ( 46-48 )|2018-02-28
10170|XL (46-50 )|2018-02-23
10174|L|2018-02-24
10183|M ( 38-42 )|2018-02-28
10195|M|2018-02-28
10197|S ( 34-38 )|2018-02-24
10197|XL (46-50 )|2018-02-09
10199|42|2018-02-28
10203|L ( 40/42 )|2018-02-27
10207|L|2018-02-19
10213|43|2018-02-28
10213|44,5|2018-02-28
10214|44|2018-02-12
10222|2XL|2018-02-28
10222|L|2018-02-18
10222|M|2018-02-27
10222|XL|2018-02-28
10228|L|2018-02-14
10228|M|2018-02-21
10230|4 ( 43-46 )|2018-02-16
10234|152|2018-02-16
10249|L|2018-02-28
10254|M|2018-02-14
10261|1 ( Junior)|2018-02-14
10263|M|2018-02-28
10276|S ( 34-38 )|2018-02-07
10279|4 ( 39-42 )|2018-02-19
10282|43 1/3|2018-02-28
10289|44|2018-02-28
10297|M|2018-02-28
10312|40|2018-02-14
10312|40 2/3|2018-02-12
10312|41 1/3|2018-02-24
10312|42|2018-02-10
10312|46|2018-02-10
10312|46 2/3|2018-02-19
10320|39/42|2018-02-24
10325|164|2018-02-27
10330|164|2018-02-14
10331|XL ( 158-170 )|2018-02-28
10333|S ( 34-38 )|2018-02-28
10339|41 1/3|2018-02-28
10339|42|2018-02-26
10353|44|2018-02-18
10353|44 2/3|2018-02-18
10361|M|2018-02-26
10361|S|2018-02-28
10362|S|2018-02-28
10365|S|2018-02-09
10365|XS|2018-02-25
10378|2XL|2018-02-20
10382|L|2018-02-28
10382|M|2018-02-28
10383|2 ( Senior )|2018-02-28
10391|140|2018-02-28
10396|2XL|2018-02-14
10396|M|2018-02-14
10396|XL|2018-02-08
10400||2018-02-05
10402|2XL|2018-02-07
10402|XS|2018-02-08
10405|140|2018-02-08
10405|152|2018-02-26
10405|164|2018-02-18
10407|36 2/3|2018-02-28
10408|37 1/3|2018-02-16
10408|38|2018-02-28
10408|38 2/3|2018-02-14
10410|4 ( 39-42 )|2018-02-22
10410|5 ( 43-46 )|2018-02-28
10413|L|2018-02-21
10414|2XL|2018-02-28
10414|L|2018-02-28
10414|M|2018-02-08
10414|XL|2018-02-14
10415|2XL|2018-02-28
10415|L|2018-02-08
10415|M|2018-02-17
10416|39 1/3|2018-02-22
10416|40|2018-02-14
10416|40 2/3|2018-02-14
10421|40,5|2018-02-24
10421|44,5|2018-02-26
10425|L|2018-02-14
10436|L|2018-02-14
10436|M|2018-02-14
10439|S|2018-02-10
10439|XL|2018-02-15
10463|2XL|2018-02-28
10463|L|2018-02-19
10463|XL|2018-02-28
10466|40|2018-02-14
10467|S|2018-02-17
10467|XL|2018-02-28
10470|42,5|2018-02-14
10503|42|2018-02-14
10511|42 2/3|2018-02-28
10511|44 2/3|2018-02-26
10511|45 1/3|2018-02-28
10519|L|2018-02-14
10519|M|2018-02-28
10519|S|2018-02-14
10525|L|2018-02-14
10558|140|2018-02-27
10558|152|2018-02-20
10558|164|2018-02-19
10560|M|2018-02-28
10570|38|2018-02-28
10575|43 1/3|2018-02-17
10575|44 2/3|2018-02-11
10575|46 2/3|2018-02-28
10575|47 1/3|2018-02-16
10585|L|2018-02-10
10585|M|2018-02-11
10598|L ( 152-158 )|2018-02-28
10598|M ( 140-152 )|2018-02-28
10598|XL ( 158-170 )|2018-02-28
10609||2018-02-16
10610|140|2018-02-25
10610|164|2018-02-18
10617|128|2018-02-28
10617|152|2018-02-28
10617|164|2018-02-23
10619|2XL|2018-02-28
10620|36 2/3|2018-02-13
10620|37 1/3|2018-02-19
10620|38|2018-02-22
10627|44|2018-02-16
10628|3 ( 40-42 )|2018-02-14
10628|4 ( 43-45 )|2018-02-14
10628|5 ( 46-48 )|2018-02-28
10630|XL|2018-02-13
10631|L|2018-02-28
10633|L|2018-02-19
10633|S|2018-02-28
10635|L|2018-02-28
10642|43|2018-02-21
10642|44|2018-02-25
10664|L|2018-02-14
10664|M|2018-02-14
10671|35|2018-02-28
10677|5 ( 43-46 )|2018-02-28
10680|L|2018-02-23
10682|L ( 152-158 )|2018-02-28
10686|L|2018-02-06
10686|S|2018-02-17
10686|XL|2018-02-13
10692|M|2018-02-28
10706|M ( 140-152 )|2018-02-28
10706|S ( 128-140 )|2018-02-09
10707|L|2018-02-26
10707|M|2018-02-14
10707|S|2018-02-14
10707|XL|2018-02-18
10713|35|2018-02-28
10713|37,5|2018-02-28
10713|38,5|2018-02-28
10715|40|2018-02-14
10715|40 2/3|2018-02-28
10715|41 1/3|2018-02-14
10715|42 2/3|2018-02-28
10715|43 1/3|2018-02-14
10715|44|2018-02-26
10717|2XL|2018-02-08
10730|2XL|2018-02-26
10730|L|2018-02-28
10730|M|2018-02-25
10730|XL|2018-02-19
10730|XS|2018-02-14
10736|L|2018-02-07
10743|L|2018-02-28
10748|5 ( 46-48 )|2018-02-23
10752|L ( 152-158 )|2018-02-28
10755|M|2018-02-28
10756|M ( 38-42 )|2018-02-28
10756|S ( 34-38 )|2018-02-28
10759|2XL|2018-02-13
10759|S|2018-02-08
10766|4 ( 43-45 )|2018-02-19
10766|5 ( 46-48 )|2018-02-27
10772|2XL|2018-02-26
10774|38 2/3|2018-02-28
10774|40|2018-02-20
10781|L|2018-02-14
10785|M|2018-02-22
10785|XL|2018-02-13
10788|40|2018-02-14
10794|XS ( 116-128 )|2018-02-11
10809|L|2018-02-12
10809|M|2018-02-08
10809|S|2018-02-12
10809|XL|2018-02-18
10827|4 ( 43-45 )|2018-02-28
10828|XL (46-50 )|2018-02-24
10849|2XL|2018-02-14
10866|152|2018-02-22
10878|2XL|2018-02-07
10881|L|2018-02-14
10881|XL|2018-02-13
10883|45|2018-02-14
10885|40 2/3|2018-02-12
10885|42 2/3|2018-02-15
10885|43 1/3|2018-02-17
10885|44|2018-02-12
10885|44 2/3|2018-02-17
10895|M|2018-02-14
10904|42,5|2018-02-24
10904|45|2018-02-15
10917|L|2018-02-28
10917|M|2018-02-14
10917|S|2018-02-28
10919|M|2018-02-14
10924|S ( 128-140 )|2018-02-17
10925|L|2018-02-15
10927|140|2018-02-28
10929|L|2018-02-14
10936|2XL|2018-02-21
10936|M|2018-02-11
10943|L|2018-02-28
10948|40,5|2018-02-26
10948|42|2018-02-28
10948|42,5|2018-02-28
10948|43|2018-02-28
10948|44,5|2018-02-14
10948|45|2018-02-18
10948|45,5|2018-02-14
10950|L|2018-02-05
10953|XL|2018-02-09
10961|L|2018-02-11
10961|XL|2018-02-23
10973|L|2018-02-14
10973|M|2018-02-28
10979|39 - 42|2018-02-19
10981|2XL|2018-02-28
10981|L|2018-02-14
10981|M|2018-02-28
10981|S|2018-02-14
10981|XL|2018-02-14
10990|2XL|2018-02-28
10990|M|2018-02-14
10990|S|2018-02-14
10990|XS|2018-02-28
10994|44|2018-02-19
10997|43|2018-02-27
11009|L|2018-02-13
11009|M|2018-02-12
11009|S|2018-02-28
11009|XL|2018-02-28
11010|M|2018-02-28
11026|43 1/3|2018-02-26
11034|1 ( 31-34 )|2018-02-14
11034|2 ( 35-38 )|2018-02-11
11034|3 ( 39-42 )|2018-02-26
11034|5 ( 47-49 )|2018-02-22
11035|M|2018-02-08
11037|M|2018-02-06
11037|XL|2018-02-10
11040|140|2018-02-14
11054|L|2018-02-19
11054|M|2018-02-28
11054|XL|2018-02-26
11059|41|2018-02-20
11059|42|2018-02-15
11059|43|2018-02-12
11059|44,5|2018-02-19
11067|140|2018-02-26
11067|152|2018-02-28
11067|164|2018-02-28
11071|140|2018-02-28
11071|164|2018-02-10
11078|45 1/3|2018-02-27
11078|48|2018-02-28
11091|44|2018-02-18
11095|XL|2018-02-14
11100|152|2018-02-19
11100|164|2018-02-23
11101|S|2018-02-10
11101|XL|2018-02-20
11123|L|2018-02-28
11133|M|2018-02-13
11133|S|2018-02-20
11148|M|2018-02-24
11158|41,5|2018-02-28
11163|44|2018-02-28
11168|L|2018-02-24
11168|M|2018-02-14
11172|2XL|2018-02-16
11173|L|2018-02-28
11173|M|2018-02-14
11175|40|2018-02-14
11175|42 2/3|2018-02-28
11175|44|2018-02-28
11175|47 1/3|2018-02-28
11181|42,5|2018-02-28
11183|M|2018-02-15
11183|XL|2018-02-14
11185|44|2018-02-14
11187|L|2018-02-28
11187|M|2018-02-06
11187|XL|2018-02-23
11193|XL|2018-02-13
11198|XL|2018-02-14
11205|L|2018-02-26
11205|S|2018-02-28
11215|42|2018-02-13
11215|43 1/3|2018-02-12
11215|44|2018-02-28
11215|45 1/3|2018-02-17
11221|L|2018-02-23
11221|M|2018-02-28
11221|XL|2018-02-15
11227|40|2018-02-28
11227|41|2018-02-28
11227|42,5|2018-02-28
11227|43|2018-02-28
11227|44|2018-02-21
11227|44,5|2018-02-24
11227|45|2018-02-28
11227|46|2018-02-28
11227|47|2018-02-28
11234|44 2/3|2018-02-17
11241|2XL|2018-02-14
11241|S|2018-02-28
11241|XL|2018-02-09
11247|40|2018-02-28
11247|40,5|2018-02-28
11247|41|2018-02-14
11247|42|2018-02-14
11247|42,5|2018-02-25
11247|43|2018-02-14
11247|44|2018-02-14
11247|45|2018-02-14
11247|45,5|2018-02-28
11247|46|2018-02-14
11247|47|2018-02-14
11247|47,5|2018-02-27
11249|L|2018-02-19
11252|128|2018-02-14
11256|XL|2018-02-27
11257|L|2018-02-25
11269|4 ( 43-45 )|2018-02-06
11273|43|2018-02-28
11276|M|2018-02-28
11280|40,5|2018-02-14
11280|42|2018-02-28
11280|42,5|2018-02-14
11280|44|2018-02-28
11280|44,5|2018-02-28
11280|46|2018-02-28
11286|L|2018-02-18
11286|M|2018-02-14
11286|S|2018-02-28
11286|XL|2018-02-14
11293|2XL|2018-02-08
11306|42 2/3|2018-02-28
11317|2XL|2018-02-11
11321|L|2018-02-12
11321|M|2018-02-14
11323|L|2018-02-28
11323|M|2018-02-28
11329|41 1/3|2018-02-28
11329|43 1/3|2018-02-19
11329|44|2018-02-09
11329|44 2/3|2018-02-17
11329|45 1/3|2018-02-08
11329|46 2/3|2018-02-18
11339|M|2018-02-07
11339|S|2018-02-16
11355|37,5|2018-02-16
11357|L|2018-02-12
11358|41|2018-02-28
11358|44|2018-02-22
11371|4 ( 43-46 )|2018-02-21
11375|44|2018-02-09
11389|L|2018-02-14
11391|XL|2018-02-23
11411|XL|2018-02-11
11418|2XL|2018-02-12
11422|4 ( 39-42 )|2018-02-28
11426|2XL|2018-02-13
11429|L|2018-02-28
11433|2XL|2018-02-28
11438|XL|2018-02-28
11445|M|2018-02-22
11449|43|2018-02-16
11450|M|2018-02-23
11450|S|2018-02-18
11452|42,5|2018-02-28
11452|43|2018-02-28
11452|45|2018-02-28
11452|47|2018-02-14
11456|L|2018-02-23
11456|M|2018-02-08
11463|37,5|2018-02-25
11472|0 ( 31-33 )|2018-02-28
11472|1 ( 34-36 )|2018-02-19
11472|2 ( 37-39 )|2018-02-07
11475|S|2018-02-25
11475|XL|2018-02-11
11476|S|2018-02-25
11480|140|2018-02-17
11480|152|2018-02-24
11480|164|2018-02-12
11480|176|2018-02-17
11501|L|2018-02-19
11501|M|2018-02-28
11504|XL|2018-02-14
11505|L|2018-02-17
11505|M|2018-02-17
11505|XL|2018-02-28
11509|2 ( 37-39 )|2018-02-24
11510|35,5|2018-02-28
11512|39|2018-02-28
11512|42|2018-02-28
11512|43|2018-02-28
11512|44|2018-02-28
11514|M|2018-02-28
11514|S|2018-02-28
11523|M ( 140-152 )|2018-02-06
11535|43|2018-02-22
11535|45,5|2018-02-22
11539|M|2018-02-26
11568|M ( 40 )|2018-02-20
11569|43|2018-02-28
11572|M|2018-02-09
11572|XL|2018-02-18
11593|L|2018-02-28
11593|M|2018-02-28
11593|XL|2018-02-26
11595|M|2018-02-14
11595|XL|2018-02-28
11600|41|2018-02-28
11600|42,5|2018-02-26
11600|45,5|2018-02-28
11601|45|2018-02-28
11605|42 2/3|2018-02-13
11605|44 2/3|2018-02-16
11607|L|2018-02-14
11607|S|2018-02-27
11607|XL|2018-02-13
11613|164|2018-02-11
11614|XL|2018-02-04
11619|39|2018-02-28
11619|40,5|2018-02-28
11619|41|2018-02-28
11619|42|2018-02-28
11619|43|2018-02-14
11619|44|2018-02-23
11619|44,5|2018-02-28
11619|45,5|2018-02-28
11622|41|2018-02-14
11622|42,5|2018-02-14
11622|43|2018-02-14
11622|44|2018-02-28
11622|45|2018-02-28
11629|L|2018-02-14
11630|44,5|2018-02-19
11637|L ( 42-46 )|2018-02-16
11637|M ( 38-42 )|2018-02-28
11647|M|2018-02-14
11651|40 2/3|2018-02-28
11651|41 1/3|2018-02-28
11651|42|2018-02-28
11651|42 2/3|2018-02-28
11651|45 1/3|2018-02-24
11656|40,5|2018-02-27
11656|41|2018-02-28
11665|L|2018-02-14
11669|3XL|2018-02-13
11671|43|2018-02-14
11671|44|2018-02-28
11672|L ( 152-158 )|2018-02-14
11672|M ( 140-152 )|2018-02-14
11672|S ( 128-140 )|2018-02-28
11672|XL ( 158-170 )|2018-02-28
11681|37,5|2018-02-28
11681|38,5|2018-02-28
11683|42,5|2018-02-27
11683|44,5|2018-02-28
11683|45|2018-02-28
11689|43|2018-02-28
11689|44|2018-02-27
11689|45,5|2018-02-28
11706|3XL|2018-02-28
11706|L|2018-02-07
11706|S|2018-02-14
11706|XL|2018-02-08
11708|L ( 152-158 )|2018-02-13
11708|XL ( 158-170 )|2018-02-13
11723|M|2018-02-26
11725|43 1/3|2018-02-13
11725|44|2018-02-05
11727|M ( 38/40 )|2018-02-12
11727|S ( 34/36 )|2018-02-06
11727|XS ( 32/34 )|2018-02-27
11733|2XL|2018-02-28
11738|L|2018-02-28
11738|XL|2018-02-28
11757|2XL|2018-02-24
11757|S|2018-02-15
11762|2XL|2018-02-27
11762|XL|2018-02-28
11766|37 1/3|2018-02-28
11768|S|2018-02-11
11779|L|2018-02-12
11781|41|2018-02-17
11781|42|2018-02-28
11781|42,5|2018-02-26
11781|43|2018-02-24
11781|44|2018-02-28
11793|44,5|2018-02-15
11802|L|2018-02-28
11806|S ( 34/36 )|2018-02-11
11806|XL ( 44/46 )|2018-02-28
11809|XL|2018-02-13
11817|39 1/3|2018-02-28
11817|41 1/3|2018-02-28
11817|42 2/3|2018-02-26
11817|43 1/3|2018-02-26
11817|44|2018-02-11
11817|44 2/3|2018-02-21
11817|45 1/3|2018-02-26
11817|46|2018-02-28
11817|46 2/3|2018-02-14
11821|L|2018-02-14
11822|L ( 152-158 )|2018-02-14
11824|36,5|2018-02-28
11824|37,5|2018-02-14
11824|38|2018-02-28
11826|2XL|2018-02-28
11826|L|2018-02-28
11826|M|2018-02-28
11826|S|2018-02-18
11835|L|2018-02-27
11835|M|2018-02-27
11849|L|2018-02-28
11849|M|2018-02-14
11849|S|2018-02-28
11849|XL|2018-02-26
11860|S ( 34-38 )|2018-02-11
11860|XL (46-50 )|2018-02-25
11866|41 1/3|2018-02-15
11866|42|2018-02-14
11866|42 2/3|2018-02-15
11866|43 1/3|2018-02-24
11866|44|2018-02-05
11866|44 2/3|2018-02-11
11877|40 2/3|2018-02-28
11877|41 1/3|2018-02-28
11877|42|2018-02-21
11877|43 1/3|2018-02-08
11877|44|2018-02-14
11877|44 2/3|2018-02-17
11877|46 2/3|2018-02-20
11877|47 1/3|2018-02-28
11877|48|2018-02-20
11878|43 1/3|2018-02-24
11882|L ( 152-158 )|2018-02-19
11882|M ( 140-152 )|2018-02-28
11882|S ( 128-140 )|2018-02-19
11882|XL ( 158-170 )|2018-02-08
11888|164|2018-02-14
11890|L|2018-02-11
11890|S|2018-02-22
11891|44|2018-02-27
11911|140|2018-02-14
11913|L ( 42-46 )|2018-02-26
11914|L|2018-02-22
11920|L ( 152-158 )|2018-02-13
11928|L|2018-02-14
11928|M|2018-02-12
11930|M|2018-02-14
11935|2XL|2018-02-17
11935|S|2018-02-14
11935|XL|2018-02-28
11943|M ( 140-152 )|2018-02-28
11944|37,5|2018-02-28
11955|42|2018-02-21
11955|44|2018-02-27
11955|44,5|2018-02-22
11958|L ( 42-46 )|2018-02-14
11962|43 1/3|2018-02-21
11970|38,5|2018-02-28
11971|XL|2018-02-14
11985|40|2018-02-14
11985|45|2018-02-14
11985|46|2018-02-14
11995|41 1/3|2018-02-14
11995|43 1/3|2018-02-14
11995|44|2018-02-27
11995|45 1/3|2018-02-19
12004|M|2018-02-25
12004|XL|2018-02-28
12015|L ( 152-158 )|2018-02-17
12020|L|2018-02-13
12020|M|2018-02-10
12020|XL|2018-02-28
12024|36,5|2018-02-28
12024|38,5|2018-02-28
12025|2XL|2018-02-15
12028|S|2018-02-05
12028|XL|2018-02-05
12034|L|2018-02-16
12040|L ( 40/42 )|2018-02-28
12041|38|2018-02-28
12041|38,5|2018-02-28
12045|41|2018-02-25
12045|42|2018-02-18
12045|42,5|2018-02-28
12045|43|2018-02-27
12045|44|2018-02-17
12045|44,5|2018-02-21
12050|XL ( 158-170 )|2018-02-18
12056|L|2018-02-14
12056|M|2018-02-18
12056|XL|2018-02-21
12063|M|2018-02-14
12071|L|2018-02-28
12083|2|2018-02-24
12094|L|2018-02-12
12094|M|2018-02-11
12094|S|2018-02-27
12094|XL|2018-02-15
12100|L|2018-02-17
12100|M|2018-02-25
12105|M|2018-02-28
12105|S|2018-02-28
12105|XL|2018-02-28
12107|L|2018-02-14
12107|M|2018-02-28
12111|M|2018-02-14
12111|XL|2018-02-23
12125|L|2018-02-28
12125|M|2018-02-14
12125|S|2018-02-16
12125|XL|2018-02-28
12139|39|2018-02-28
12139|40|2018-02-22
12139|41|2018-02-28
12139|42|2018-02-14
12139|42,5|2018-02-14
12139|44|2018-02-13
12139|44,5|2018-02-26
12139|45|2018-02-16
12139|47|2018-02-25
12140|40,5|2018-02-14
12140|42|2018-02-26
12140|44,5|2018-02-28
12141|L|2018-02-14
12143|2XL|2018-02-17
12143|3XL|2018-02-14
12143|S|2018-02-14
12143|XS|2018-02-17
12150|M|2018-02-28
12161|0 ( Bambini )|2018-02-22
12172|L|2018-02-28
12172|M|2018-02-28
12176|44|2018-02-26
12179|42|2018-02-24
12179|42,5|2018-02-12
12179|47|2018-02-12
12180|42,5|2018-02-28
12180|44,5|2018-02-28
12183|L|2018-02-13
12189|L|2018-02-19
12189|M|2018-02-09
12196|L|2018-02-14
12197|XL ( 158-170 )|2018-02-14
12200|44|2018-02-19
12202|39|2018-02-27
12202|41|2018-02-28
12202|42|2018-02-14
12202|42,5|2018-02-14
12202|43|2018-02-28
12202|44|2018-02-14
12202|44,5|2018-02-28
12202|45|2018-02-19
12202|45,5|2018-02-13
12202|46|2018-02-14
12202|47|2018-02-14
12202|47,5|2018-02-14
12205|42|2018-02-14
12205|43 1/3|2018-02-20
12205|44 2/3|2018-02-28
12217|42|2018-02-18
12217|45,5|2018-02-28
12218|3 ( 39-42 )|2018-02-19
12228|S|2018-02-21
12229|M ( 140-152 )|2018-02-17
12229|XL ( 158-170 )|2018-02-18
12230|39|2018-02-20
12230|40|2018-02-24
12230|41|2018-02-27
12230|42|2018-02-18
12230|42,5|2018-02-28
12230|43|2018-02-28
12230|44|2018-02-14
12230|44,5|2018-02-14
12230|45|2018-02-14
12230|45,5|2018-02-13
12230|46|2018-02-18
12230|47|2018-02-28
12230|47,5|2018-02-28
12238|L|2018-02-06
12238|M|2018-02-20
12238|S|2018-02-20
12238|XL|2018-02-28
12240|40|2018-02-28
12240|41|2018-02-28
12240|44|2018-02-19
12263|L|2018-02-28
12263|M|2018-02-14
12264|M|2018-02-24
12268|41|2018-02-19
12268|42|2018-02-28
12268|43|2018-02-11
12268|44|2018-02-15
12268|45|2018-02-14
12268|45,5|2018-02-14
12283|42,5|2018-02-14
12283|43|2018-02-28
12283|45,5|2018-02-28
12284|M|2018-02-28
12288|40,5|2018-02-14
12288|41|2018-02-28
12295|128|2018-02-28
12295|140|2018-02-28
12295|152|2018-02-14
12295|176|2018-02-14
12296|35/38|2018-02-23
12296|39/42|2018-02-19
12296|43/46|2018-02-26
12302|L ( 42-46 )|2018-02-06
12302|M ( 38-42 )|2018-02-28
12302|S ( 34-38 )|2018-02-20
12317|42,5|2018-02-18
12317|43|2018-02-13
12317|44|2018-02-12
12319|S|2018-02-12
12326|42,5|2018-02-14
12328|S|2018-02-17
12334|L|2018-02-28
12334|M|2018-02-28
12340|M|2018-02-28
12352|41 1/3|2018-02-14
12359|46 2/3|2018-02-28
12360|XL|2018-02-14
12362|44,5|2018-02-14
12375|L|2018-02-28
12375|M|2018-02-24
12376|L|2018-02-22
12376|M|2018-02-14
12397|L|2018-02-26
12397|M|2018-02-28
12397|XL|2018-02-28
12401|L|2018-02-28
12401|M|2018-02-28
12401|XL|2018-02-14
12408|M ( 38-42 )|2018-02-15
12408|XL (46-50 )|2018-02-28
12411|38 2/3|2018-02-14
12413|40|2018-02-28
12442|35|2018-02-28
12447|41|2018-02-28
12451|2 ( Senior )|2018-02-14
12453|S|2018-02-13
12458|42,5|2018-02-24
12458|44,5|2018-02-14
12461|152|2018-02-22
12461|164|2018-02-14
12467|41 1/3|2018-02-14
12467|42|2018-02-14
12467|43 1/3|2018-02-14
12467|44|2018-02-14
12470|L|2018-02-14
12473|M|2018-02-28
12489|2XL|2018-02-28
12489|XL|2018-02-28
12496|45|2018-02-28
12507|L|2018-02-21
12507|M|2018-02-28
12512|L|2018-02-28
12512|M|2018-02-28
12512|S|2018-02-14
12512|XL|2018-02-24
12516|XL|2018-02-14
12519|L|2018-02-14
12519|S|2018-02-14
12519|XL|2018-02-28
12528|43 1/3|2018-02-15
12528|44 2/3|2018-02-28
12537|41|2018-02-17
12537|42,5|2018-02-13
12537|45,5|2018-02-25
12539|38,5|2018-02-28
12552|M ( 140-152 )|2018-02-13
12552|S ( 128-140 )|2018-02-28
12558|L|2018-02-19
12569|40,5|2018-02-26
12569|41|2018-02-24
12569|46|2018-02-18
12573|36|2018-02-28
12573|36,5|2018-02-28
12573|38,5|2018-02-28
12575|M|2018-02-20
12575|XL|2018-02-18
12577|2XL|2018-02-14
12577|S|2018-02-28
12585|2XL|2018-02-17
12585|S|2018-02-06
12597|L|2018-02-10
12597|M|2018-02-10
12603|35|2018-02-14
12620|L|2018-02-22
12620|M|2018-02-28
12620|XL|2018-02-14
12623|43|2018-02-11
12643|41|2018-02-28
12643|43|2018-02-14
12643|44|2018-02-28
12643|45|2018-02-14
12645|2XL|2018-02-28
12647|44|2018-02-24
12647|45|2018-02-25
12647|45,5|2018-02-25
12653|2XL|2018-02-28
12653|XL|2018-02-25
12667|M|2018-02-19
12674|42,5|2018-02-13
12675|L|2018-02-13
12675|M|2018-02-10
12683|2XL|2018-02-28
12687|38|2018-02-14
12689|XL ( 158-170 )|2018-02-15
12690|42|2018-02-25
12690|43|2018-02-24
12690|44|2018-02-28
12690|45,5|2018-02-28
12690|47,5|2018-02-28
12696|38 2/3|2018-02-28
12698|39|2018-02-14
12698|40|2018-02-14
12698|40,5|2018-02-14
12698|41|2018-02-14
12698|42|2018-02-27
12698|42,5|2018-02-14
12698|43|2018-02-28
12698|44|2018-02-27
12698|44,5|2018-02-24
12698|45|2018-02-14
12698|45,5|2018-02-28
12698|47|2018-02-28
12698|47,5|2018-02-14
12703|39 1/3|2018-02-27
12703|40|2018-02-28
12703|40 2/3|2018-02-21
12703|46 2/3|2018-02-24
12703|47 1/3|2018-02-28
12704|43|2018-02-11
12714|L ( 152-158 )|2018-02-28
12714|S ( 128-140 )|2018-02-14
12721|36,5|2018-02-28
12721|37,5|2018-02-14
12721|38|2018-02-28
12721|38,5|2018-02-28
12726|39/42|2018-02-28
12730|41|2018-02-26
12730|42,5|2018-02-18
12744|45|2018-02-14
12747|164|2018-02-19
12747|176|2018-02-27
12756|L|2018-02-14
12756|M|2018-02-19
12756|XL|2018-02-28
12761|XL ( 158-170 )|2018-02-28
12765|128|2018-02-15
12765|140|2018-02-07
12771|XL|2018-02-07
12780|164|2018-02-14
12785|XL|2018-02-28
12786|2XL|2018-02-12
12789|M ( 38-42 )|2018-02-19
12789|XL (46-50 )|2018-02-14
12800|44|2018-02-07
12800|44,5|2018-02-28
12800|45|2018-02-14
12809|40,5|2018-02-28
12824|42 2/3|2018-02-28
12824|43 1/3|2018-02-21
12824|44|2018-02-26
12839|4 ( 43-45 )|2018-02-16
12841|L|2018-02-05
12844|3 ( 40-42 )|2018-02-28
12844|5 ( 46-48 )|2018-02-14
12846|40 2/3|2018-02-28
12846|43 1/3|2018-02-28
12846|44|2018-02-14
12846|44 2/3|2018-02-28
12846|45 1/3|2018-02-20
12846|46 2/3|2018-02-28
12859|42|2018-02-14
12859|42 2/3|2018-02-26
12859|43 1/3|2018-02-28
12859|45 1/3|2018-02-22
12860|4 ( 43-45 )|2018-02-18
12861|S ( 34-38 )|2018-02-19
12861|XL (46-50 )|2018-02-28
12881|43|2018-02-28
12881|44,5|2018-02-28
12881|46|2018-02-14
12884|S ( 128-140 )|2018-02-14
12894|43|2018-02-15
12896|2XL|2018-02-19
12896|XL|2018-02-11
12901|L|2018-02-17
12901|S|2018-02-28
12901|XL|2018-02-28
12914|L|2018-02-28
12919|L ( 152-158 )|2018-02-25
12919|M ( 140-152 )|2018-02-21
12927|36,5|2018-02-27
12935|4 ( 39-42 )|2018-02-28
12937|4 ( 43-45 )|2018-02-20
12937|5 ( 46-48 )|2018-02-14
12951|42|2018-02-18
12951|42 2/3|2018-02-14
12952|L ( 152-158 )|2018-02-13
12952|M ( 140-152 )|2018-02-13
12952|XL ( 158-170 )|2018-02-09
12953|M ( 140-152 )|2018-02-14
12960|XL|2018-02-28
12974|2XL|2018-02-14
12974|M|2018-02-28
12974|S|2018-02-14
12975|41|2018-02-14
12975|42|2018-02-17
12975|42,5|2018-02-27
12975|43|2018-02-27
12975|44|2018-02-18
12975|44,5|2018-02-28
12975|45|2018-02-28
12975|46|2018-02-28
12984|35 - 38|2018-02-11
12988|0 ( 31-33 )|2018-02-28
12999|2XL|2018-02-19
12999|XL|2018-02-08
13003|40,5|2018-02-28
13003|41|2018-02-25
13003|42|2018-02-15
13003|42,5|2018-02-26
13003|43|2018-02-11
13003|44|2018-02-28
13003|44,5|2018-02-12
13003|45|2018-02-28
13003|46|2018-02-28
13003|47|2018-02-28
13011|L|2018-02-28
13011|M|2018-02-20
13011|S|2018-02-28
13011|XL|2018-02-14
13023|M ( 38/40 )|2018-02-28
13031|L ( 40/42 )|2018-02-14
13031|M ( 38/40 )|2018-02-16
13031|S ( 34/36 )|2018-02-19
13031|XS ( 32/34 )|2018-02-15
13033|2|2018-02-28
13045|L ( 42-46 )|2018-02-24
13058|M|2018-02-07
13067|L|2018-02-14
13067|M|2018-02-14
13076|43 1/3|2018-02-15
13076|44 2/3|2018-02-15
13079|XL|2018-02-26
13081|42,5|2018-02-28
13083|152|2018-02-28
13085|33|2018-02-28
13085|33,5|2018-02-14
13085|36,5|2018-02-28
13085|37,5|2018-02-14
13085|38|2018-02-21
13085|38,5|2018-02-25
13086|XL ( 158-170 )|2018-02-17
13093|128|2018-02-26
13093|140|2018-02-13
13093|152|2018-02-06
13093|164|2018-02-09
13112|S ( 128-140 )|2018-02-19
13117|XS ( 116-128 )|2018-02-28
13124|3 ( 40-42 )|2018-02-14
13124|4 ( 43-45 )|2018-02-19
13125|40,5|2018-02-14
13136|M ( 140-152 )|2018-02-17
13136|XL ( 158-170 )|2018-02-08
13152|3 (35-38 )|2018-02-28
13183|XS ( 30-34 )|2018-02-15
13185|S|2018-02-10
13185|XL|2018-02-10
13189|M ( 140-152 )|2018-02-25
13198|S|2018-02-21
13202|39|2018-02-14
13203|L ( 152-158 )|2018-02-23
13203|M ( 140-152 )|2018-02-28
13220|L|2018-02-28
13224|M|2018-02-09
13226|42|2018-02-15
13226|43|2018-02-17
13233|L|2018-02-22
13235|40,5|2018-02-28
13235|42|2018-02-14
13242|L|2018-02-11
13250|44|2018-02-14
13252|43|2018-02-28
13252|44,5|2018-02-14
13252|45|2018-02-26
13252|46|2018-02-25
13265|L ( 152-158 )|2018-02-28
13274|XL ( 158-170 )|2018-02-28
13276|43|2018-02-28
13276|44|2018-02-26
13276|45|2018-02-28
13279|L|2018-02-14
13279|M|2018-02-16
13279|S|2018-02-28
13279|XL|2018-02-24
13284|2XL|2018-02-23
13286|L|2018-02-19
13288|L|2018-02-11
13288|M|2018-02-28
13301|2XL|2018-02-14
13301|L|2018-02-28
13301|M|2018-02-17
13301|XL|2018-02-19
13315|XL|2018-02-14
13316|42,5|2018-02-28
13320|42|2018-02-26
13320|45|2018-02-28
13327|XL|2018-02-28
13331|L|2018-02-14
13331|M|2018-02-14
13332|S|2018-02-14
13335|2XL|2018-02-10
13336|32|2018-02-28
13336|36,5|2018-02-28
13336|37,5|2018-02-28
13336|38,5|2018-02-28
13339|L|2018-02-28
13339|S|2018-02-23
13339|XL|2018-02-14
13342|S|2018-02-06
13343|M|2018-02-28
13347|2 ( 35-38 )|2018-02-28
13356|43 1/3|2018-02-28
13357|1 ( Junior)|2018-02-27
13365|44|2018-02-14
13375|L|2018-02-15
13379|31|2018-02-28
13381|2XL|2018-02-22
13381|XL|2018-02-09
13394|L|2018-02-28
13401|M|2018-02-28
13401|S|2018-02-14
13418|L ( 152-158 )|2018-02-21
13418|S ( 128-140 )|2018-02-14
13421|S|2018-02-21
13428|39|2018-02-28
13428|40|2018-02-28
13428|40,5|2018-02-14
13428|41|2018-02-28
13428|42|2018-02-14
13428|42,5|2018-02-28
13428|43|2018-02-28
13428|44|2018-02-28
13428|45|2018-02-28
13430|42|2018-02-25
13430|42,5|2018-02-28
13441|2XL|2018-02-16
13441|L|2018-02-14
13441|M|2018-02-14
13441|S|2018-02-14
13441|XL|2018-02-06
13452|44 2/3|2018-02-21
13454|164/176|2018-02-28
13460|44|2018-02-28
13460|45 1/3|2018-02-28
13463|S|2018-02-14
13471|44,5|2018-02-28
13474|L|2018-02-22
13497|L ( 152-158 )|2018-02-24
13497|XL ( 158-170 )|2018-02-27
13500|140|2018-02-11
13505|M ( 140-152 )|2018-02-28
13508|S|2018-02-11
13514|43/46|2018-02-20
13515||2018-02-08
13532|L|2018-02-07
13534|1 ( Junior)|2018-02-19
13535|42|2018-02-14
13535|45|2018-02-28
13553|L|2018-02-18
13553|M|2018-02-17
13567|40|2018-02-28
13567|42,5|2018-02-28
13567|43|2018-02-28
13567|44,5|2018-02-28
13567|45|2018-02-26
13567|45,5|2018-02-19
13567|46|2018-02-14
13569|41|2018-02-28
13582|L ( 152-158 )|2018-02-06
13582|M ( 140-152 )|2018-02-07
13584|42|2018-02-27
13584|43|2018-02-28
13584|44|2018-02-15
13584|44,5|2018-02-19
13584|45|2018-02-26
13584|45,5|2018-02-15
13599|L|2018-02-14
13599|M|2018-02-19
13607|40|2018-02-28
13607|40,5|2018-02-28
13607|41|2018-02-23
13607|42,5|2018-02-28
13607|43|2018-02-28
13607|44|2018-02-28
13607|44,5|2018-02-28
13607|45|2018-02-25
13607|46|2018-02-14
13612|41|2018-02-13
13612|42,5|2018-02-04
13612|44,5|2018-02-04
13612|45|2018-02-10
13617|40,5|2018-02-28
13618|44|2018-02-24
13630|42 2/3|2018-02-14
13647|S ( 34/36 )|2018-02-14
13651|45|2018-02-27
13655|42|2018-02-28
13655|44|2018-02-18
13657|140|2018-02-28
13657|164|2018-02-28
13671|L|2018-02-28
13671|S|2018-02-28
13675|XL ( 158-170 )|2018-02-23
13676|L|2018-02-19
13676|S|2018-02-08
13691|M|2018-02-28
13692|40,5|2018-02-14
13692|43|2018-02-28
13692|44,5|2018-02-24
13721|2XL|2018-02-16
13721|XL|2018-02-14
13737|S|2018-02-14
13737|XL|2018-02-28
13752|XL ( 158-170 )|2018-02-28
13754|42,5|2018-02-26
13758|M|2018-02-14
13758|S|2018-02-28
13758|XL|2018-02-22
13767|3 ( 40-42 )|2018-02-14
13767|4 ( 43-45 )|2018-02-14
13791|41|2018-02-28
13791|42,5|2018-02-26
13791|43|2018-02-28
13791|44,5|2018-02-16
13791|45|2018-02-15
13791|46|2018-02-23
13798|L ( 152-158 )|2018-02-28
13798|XL ( 158-170 )|2018-02-26
13800|2XL|2018-02-14
13800|L|2018-02-14
13800|S|2018-02-21
13800|XL|2018-02-20
13814|176|2018-02-28
13816|M ( 38-42 )|2018-02-18
13816|S ( 34-38 )|2018-02-26
13816|XL (46-50 )|2018-02-28
13817|2XL|2018-02-15
13817|S|2018-02-07
13819|L ( 152-158 )|2018-02-11
13819|M ( 140-152 )|2018-02-27
13819|XL ( 158-170 )|2018-02-19
13821|2XL|2018-02-12
13825|152|2018-02-15
13839|38|2018-02-14
13839|38,5|2018-02-14
13847|L ( 42-46 )|2018-02-10
13850|44,5|2018-02-14
13850|46|2018-02-28
13864|XL ( 158-170 )|2018-02-24
13866|S|2018-02-28
13868|2XL|2018-02-28
13868|L|2018-02-28
13868|M|2018-02-17
13868|XL|2018-02-24
13870|XL ( 158-170 )|2018-02-20
13873|M|2018-02-28
13880|39 - 42|2018-02-19
13880|47 - 50|2018-02-14
13888|M|2018-02-18
13891|5 ( 43-46 )|2018-02-14
13893|1 ( Junior)|2018-02-14
13897|152|2018-02-14
13897|164|2018-02-28
13901|L|2018-02-14
13913|L|2018-02-10
13913|M|2018-02-27
13913|S|2018-02-21
13913|XL|2018-02-28
13916|128|2018-02-15
13920|XL|2018-02-11
13921|L|2018-02-25
13921|XL|2018-02-14
13922|39/42|2018-02-22
13922|47/49|2018-02-28
13935|2XL|2018-02-28
13935|M|2018-02-28
13935|S|2018-02-28
13935|XL|2018-02-20
13941|44|2018-02-28
13942|41 1/3|2018-02-28
13942|42 2/3|2018-02-14
13943|L ( 152-158 )|2018-02-14
13945|L|2018-02-28
13967|L|2018-02-14
13977|L ( 152-158 )|2018-02-11
13977|XL ( 158-170 )|2018-02-12
13986|L|2018-02-28
13986|M|2018-02-14
13986|XL|2018-02-18
13991|164|2018-02-28
13997|L|2018-02-14
13999|38 2/3|2018-02-21
14003|L|2018-02-28
14004|L|2018-02-28
14004|M|2018-02-28
14011|M|2018-02-06
14011|XL|2018-02-26
14013|L|2018-02-17
14013|M|2018-02-19
14022|XL|2018-02-14
14026|40|2018-02-14
14026|44|2018-02-19
14027|43 1/3|2018-02-28
14028|2XL|2018-02-19
14032|L|2018-02-28
14036|L|2018-02-14
14036|M|2018-02-06
14036|XL|2018-02-26
14050|L|2018-02-10
14050|M|2018-02-11
14054|43|2018-02-14
14054|47|2018-02-28
14055|M|2018-02-06
14057|43|2018-02-14
14057|44|2018-02-12
14065|164|2018-02-28
14069|4 ( 39-42 )|2018-02-24
14071|M|2018-02-14
14080|44,5|2018-02-28
14081|3 (35-38 )|2018-02-15
14081|4 ( 39-42 )|2018-02-11
14081|5 ( 43-46 )|2018-02-13
14081|6 ( 47-50 )|2018-02-26
14088|39|2018-02-28
14089|L|2018-02-14
14089|M|2018-02-14
14089|S|2018-02-14
14091|37,5|2018-02-28
14091|39|2018-02-28
14092|M|2018-02-06
14092|S|2018-02-13
14101|164|2018-02-28
14102|S|2018-02-14
14111|S ( 128-140 )|2018-02-06
14115|M|2018-02-28
14115|S|2018-02-28
14129|42|2018-02-27
14129|42 2/3|2018-02-20
14129|47 1/3|2018-02-12
14131|M|2018-02-27
14134|2XL|2018-02-28
14137|M|2018-02-14
14148|L|2018-02-25
14151|44 2/3|2018-02-28
14164|L|2018-02-28
14164|M|2018-02-14
14169|XL|2018-02-19
14182|40|2018-02-14
14182|42,5|2018-02-28
14182|43|2018-02-28
14182|44|2018-02-11
14182|44,5|2018-02-28
14182|45|2018-02-28
14182|45,5|2018-02-28
14182|46|2018-02-28
14185|L|2018-02-21
14185|XL|2018-02-28
14210|40|2018-02-19
14218|L|2018-02-15
14223|42 2/3|2018-02-21
14223|43 1/3|2018-02-28
14223|44 2/3|2018-02-28
14228|2XL|2018-02-08
14238|40|2018-02-28
14238|42,5|2018-02-28
14238|43|2018-02-11
14238|44|2018-02-11
14245|L|2018-02-28
14245|M|2018-02-28
14245|S|2018-02-19
14245|XL|2018-02-18
14248|39|2018-02-28
14248|41|2018-02-28
14248|42|2018-02-15
14248|42,5|2018-02-20
14248|44|2018-02-15
14248|45,5|2018-02-20
14254|L|2018-02-14
14254|M|2018-02-14
14259|2 ( 37-39 )|2018-02-06
14261|XL|2018-02-07
14267|3 ( 40-42 )|2018-02-24
14267|4 ( 43-45 )|2018-02-09
14270|42|2018-02-14
14297|40,5|2018-02-28
14299|43|2018-02-28
14310|L|2018-02-12
14310|M|2018-02-14
14315|2XL|2018-02-28
14315|L|2018-02-14
14315|M|2018-02-14
14315|S|2018-02-28
14315|XL|2018-02-27
14320|L|2018-02-18
14320|M|2018-02-28
14320|XL|2018-02-27
14328|2XL|2018-02-28
14328|L|2018-02-14
14328|S|2018-02-14
14328|XL|2018-02-14
14328|XS|2018-02-16
14334|L|2018-02-28
14334|M|2018-02-28
14338|L|2018-02-14
14345|L ( 152-158 )|2018-02-14
14345|M ( 140-152 )|2018-02-28
14345|S ( 128-140 )|2018-02-28
14345|XL ( 158-170 )|2018-02-28
14346|L|2018-02-28
14346|M|2018-02-22
14347|42|2018-02-28
14347|42,5|2018-02-26
14347|44|2018-02-28
14347|44,5|2018-02-28
14347|45|2018-02-14
14347|45,5|2018-02-28
14350|M ( 140-152 )|2018-02-10
14350|S ( 128-140 )|2018-02-24
14367|43|2018-02-27
14380|5|2018-02-14
14380|6|2018-02-28
14383|140/152|2018-02-10
14389|L|2018-02-20
14393|4 ( 43-45 )|2018-02-11
14407|XL ( 158-170 )|2018-02-14
14408|39 1/3|2018-02-26
14408|46 2/3|2018-02-04
14420|31|2018-02-28
14420|38 2/3|2018-02-27
14430|L|2018-02-06
14430|M|2018-02-13
14430|S|2018-02-12
14430|XL|2018-02-28
14431|2XL|2018-02-26
14431|S|2018-02-28
14431|XL|2018-02-14
14432|M|2018-02-14
14437|42 2/3|2018-02-25
14438|XL|2018-02-11
14445|L|2018-02-28
14446|4 ( 43-45 )|2018-02-28
14446|5 ( 46-48 )|2018-02-14
14449|46|2018-02-28
14461|L|2018-02-16
14461|M|2018-02-19
14461|S|2018-02-15
14464|5 ( 47-49 )|2018-02-28
14467|43|2018-02-26
14469|L|2018-02-28
14479|42,5|2018-02-14
14482|XL|2018-02-06
14496|39/42|2018-02-23
14496|43/46|2018-02-16
14501|2XL|2018-02-21
14504|L|2018-02-14
14509|M|2018-02-14
14509|XL|2018-02-24
14510|2XL|2018-02-28
14510|S|2018-02-25
14510|XL|2018-02-27
14513|XL|2018-02-14
14514|M|2018-02-17
14514|XL|2018-02-11
14517|152|2018-02-14
14517|164|2018-02-14
14519|38|2018-02-12
14523|S ( 34-38 )|2018-02-17
14523|XL (46-50 )|2018-02-14
14523|XS ( 30-34 )|2018-02-28
14525|43|2018-02-28
14525|44|2018-02-14
14525|44,5|2018-02-28
14525|45|2018-02-14
14525|45,5|2018-02-14
14529|M|2018-02-11
14529|S|2018-02-14
14533|L|2018-02-28
14536|3 ( 41-43 )|2018-02-14
14538|44|2018-02-14
14544|164|2018-02-28
14550|4 ( 43-46 )|2018-02-16
14552|M|2018-02-14
14564|L|2018-02-20
14564|M|2018-02-17
14582|L|2018-02-19
14582|M|2018-02-17
14586|S|2018-02-09
14586|XL|2018-02-14
14589|42|2018-02-16
14589|42,5|2018-02-16
14589|44|2018-02-12
14589|44,5|2018-02-19
14590|S|2018-02-28
14592|S|2018-02-10
14592|XL|2018-02-16
14594|L|2018-02-14
14594|M|2018-02-28
14594|S|2018-02-14
14594|XL|2018-02-28
14601|37|2018-02-14
14601|41,5|2018-02-28
14603|2XL|2018-02-28
14603|S|2018-02-07
14603|XL|2018-02-19
14606|2XL|2018-02-14
14606|M|2018-02-27
14606|XL|2018-02-14
14608|L|2018-02-23
14608|M|2018-02-18
14608|XL|2018-02-28
14610|XL (46-48,5)|2018-02-26
14622|45,5|2018-02-24
14623|2 ( 35-38 )|2018-02-24
14623|3 ( 39-42 )|2018-02-05
14623|4 ( 43-46 )|2018-02-20
14623|5 ( 47-49 )|2018-02-18
14624|M|2018-02-23
14636|42|2018-02-28
14636|42,5|2018-02-28
14636|43|2018-02-16
14636|44,5|2018-02-28
14636|45,5|2018-02-14
14636|46|2018-02-26
14639|L|2018-02-28
14639|M|2018-02-05
14639|S|2018-02-10
14639|XL|2018-02-13
14648|S ( 128-140 )|2018-02-28
14650|38,5|2018-02-17
14651|L|2018-02-18
14651|M|2018-02-11
14652|M|2018-02-28
14653|L|2018-02-14
14654|35,5|2018-02-28
14656|44,5|2018-02-14
14658|42|2018-02-14
14661|M|2018-02-07
14663|2XL|2018-02-04
14669|L|2018-02-07
14672|41 1/3|2018-02-13
14672|42 2/3|2018-02-20
14672|43 1/3|2018-02-07
14672|44|2018-02-10
14672|45 1/3|2018-02-10
14674|42 2/3|2018-02-16
14675|L|2018-02-15
14675|M|2018-02-26
14687|164|2018-02-13
14687|176|2018-02-09
14688|L|2018-02-28
14688|XL|2018-02-28
14699|L|2018-02-28
14703|L ( 42-46 )|2018-02-28
14704|42 2/3|2018-02-28
14704|44|2018-02-24
14708|M/L|2018-02-28
14715|L|2018-02-14
14715|M|2018-02-28
14718|M|2018-02-28
14718|XL|2018-02-27
14719|M|2018-02-28
14720|L|2018-02-28
14720|M|2018-02-17
14720|S|2018-02-14
14720|XL|2018-02-14
14722|L ( 152-158 )|2018-02-23
14722|XL ( 158-170 )|2018-02-22
14734|M|2018-02-28
14734|XL|2018-02-18
14735|128|2018-02-12
14735|140|2018-02-05
14735|152|2018-02-16
14735|164|2018-02-11
14739|M|2018-02-22
14747|M|2018-02-14
14758|43|2018-02-14
14758|44,5|2018-02-28
14758|45|2018-02-14
14760|2 ( 37-39 )|2018-02-28
14760|3 ( 40-42 )|2018-02-28
14760|5 ( 46-48 )|2018-02-28
14765|L ( 152-158 )|2018-02-14
14773|L|2018-02-28
14776|5 ( 43-46 )|2018-02-24
14778|2XL|2018-02-24
14784|M|2018-02-14
14785|L|2018-02-28
14789|128|2018-02-18
14789|140|2018-02-12
14793|S|2018-02-28
14793|XL|2018-02-28
14805|M|2018-02-28
14807|42,5|2018-02-28
14807|44|2018-02-26
14815|S|2018-02-05
14816|39|2018-02-28
14816|41|2018-02-16
14816|42|2018-02-28
14816|42,5|2018-02-21
14816|43|2018-02-28
14816|44,5|2018-02-14
14816|45,5|2018-02-14
14816|47|2018-02-28
14821|M|2018-02-25
14822|42|2018-02-28
14822|42 2/3|2018-02-28
14822|43 1/3|2018-02-15
14822|44|2018-02-28
14822|44 2/3|2018-02-18
14822|45 1/3|2018-02-17
14823|L|2018-02-18
14823|XL|2018-02-14
14829|43 1/3|2018-02-19
14833|S|2018-02-09
14833|XL|2018-02-11
14836|2 ( 37-39 )|2018-02-17
14841|5 ( 43-46 )|2018-02-28
14849|L ( 40/42 )|2018-02-14
14860|2XL|2018-02-20
14860|M|2018-02-28
14863|M|2018-02-20
14863|S|2018-02-24
14869|L|2018-02-14
14869|XL|2018-02-28
14871|L|2018-02-14
14871|M|2018-02-28
14871|S|2018-02-14
14871|XL|2018-02-15
14873|35|2018-02-14
14874|L|2018-02-28
14884|M|2018-02-14
14885|2XL|2018-02-28
14885|L|2018-02-06
14885|M|2018-02-28
14891|44 2/3|2018-02-14
14895|M|2018-02-28
14910|43|2018-02-28
14919|34|2018-02-14
14919|37 1/3|2018-02-28
14919|38|2018-02-18
14919|38 2/3|2018-02-28
14923|37,5|2018-02-28
14923|38|2018-02-28
14923|40|2018-02-28
14923|41,5|2018-02-14
14923|42|2018-02-28
14923|43|2018-02-28
14928|L|2018-02-28
14928|M|2018-02-14
14944|S|2018-02-28
14950|M|2018-02-28
14976|42|2018-02-28
14979|41 1/3|2018-02-28
14979|44 2/3|2018-02-28
14979|45 1/3|2018-02-28
14979|46 2/3|2018-02-14
14982|M|2018-02-06
14982|S|2018-02-24
14982|XL|2018-02-11
14985|42,5|2018-02-24
14985|47,5|2018-02-28
14986|42|2018-02-28
14988|S ( 34-38 )|2018-02-12
14988|XL (46-50 )|2018-02-24
14990|43 1/3|2018-02-22
14991|S|2018-02-14
14991|XL|2018-02-28
14995|42,5|2018-02-20
14995|43|2018-02-14
14995|46|2018-02-20
15000|42,5|2018-02-28
15000|43|2018-02-28
15000|44|2018-02-27
15017|XL|2018-02-18
15018|L|2018-02-16
15018|M|2018-02-11
15019|L|2018-02-28
15019|M|2018-02-19
15026|42|2018-02-28
15027|3 ( 40-42 )|2018-02-28
15027|4 ( 43-45 )|2018-02-10
15029|140|2018-02-12
15029|152|2018-02-13
15029|164|2018-02-18
15030|M|2018-02-28
15044|2XL|2018-02-21
15044|S|2018-02-15
15044|XL|2018-02-28
15046|43|2018-02-14
15046|45|2018-02-12
15046|47|2018-02-19
15049|XL|2018-02-16
15050|2XL|2018-02-18
15051|39|2018-02-16
15051|40|2018-02-28
15051|40,5|2018-02-28
15051|41|2018-02-24
15051|42|2018-02-28
15051|42,5|2018-02-17
15051|43|2018-02-28
15051|44|2018-02-26
15051|44,5|2018-02-28
15051|45,5|2018-02-28
15051|46|2018-02-14
15051|47|2018-02-28
15051|47,5|2018-02-28
15053|2XL|2018-02-28
15054|38,5|2018-02-14
15058|5 ( 43-46 )|2018-02-28
15064|2XL|2018-02-17
15071|42,5|2018-02-28
15071|44,5|2018-02-28
15080|44|2018-02-27
15086|XS ( 30-34 )|2018-02-16
15088|42,5|2018-02-14
15092|128|2018-02-19
15092|140|2018-02-06
15095|44|2018-02-12
15097|L|2018-02-05
15097|S|2018-02-26
15099|40|2018-02-28
15099|42 2/3|2018-02-09
15099|43 1/3|2018-02-12
15099|44|2018-02-18
15099|44 2/3|2018-02-19
15109|3 ( 41-43 )|2018-02-28
15119|3 ( 40-42 )|2018-02-10
15120|XL|2018-02-28
15131|116|2018-02-16
15134|42 2/3|2018-02-20
15134|43 1/3|2018-02-19
15134|44|2018-02-18
15134|44 2/3|2018-02-18
15138|S|2018-02-28
15138|XL|2018-02-19
15141|2XL|2018-02-25
15143|S|2018-02-28
15148|L|2018-02-24
15158|M|2018-02-14
15169|L|2018-02-27
15169|M|2018-02-19
15169|XL|2018-02-16
15170|L|2018-02-25
15172|2XL|2018-02-28
15173|M|2018-02-22
15178|164|2018-02-28
15187|L|2018-02-23
15187|M|2018-02-10
15187|S|2018-02-14
15187|XL|2018-02-14
15190|S|2018-02-05
15190|XL|2018-02-27
15194|M ( 38-42 )|2018-02-08
15196|M|2018-02-15
15211|L ( 152-158 )|2018-02-05
15220|L|2018-02-13
15241|M|2018-02-28
15249|2 ( 37-39 )|2018-02-13
15252|43 1/3|2018-02-15
15252|44|2018-02-28
15252|44 2/3|2018-02-28
15269|XL (46-48,5)|2018-02-14
15269|XS ( 30-34 )|2018-02-28
15273|40|2018-02-14
15273|41|2018-02-24
15273|42|2018-02-28
15273|42,5|2018-02-20
15273|43|2018-02-14
15273|44,5|2018-02-21
15273|45,5|2018-02-14
15282|2 ( 31-34 )|2018-02-26
15282|6 ( 47-50 )|2018-02-14
15283|L|2018-02-28
15284|42,5|2018-02-28
15284|44,5|2018-02-24
15284|45|2018-02-28
15284|46|2018-02-28
15286|L ( 152-158 )|2018-02-21
15286|XL ( 158-170 )|2018-02-26
15289|10|2018-02-14
15289|5|2018-02-15
15289|6|2018-02-07
15289|7|2018-02-26
15289|9|2018-02-28
15292|2XL|2018-02-18
15300|42 2/3|2018-02-28
15300|44|2018-02-14
15306|L|2018-02-13
15306|M|2018-02-19
15306|XL|2018-02-23
15307|40,5|2018-02-14
15307|43|2018-02-19
15307|44|2018-02-25
15308|L|2018-02-23
15308|M|2018-02-22
15308|XL|2018-02-21
15321|XL ( 158-170 )|2018-02-28
15322|S|2018-02-28
15324|XS ( 32/34 )|2018-02-28
15325|152|2018-02-09
15340|XL ( 158-170 )|2018-02-26
15344|38|2018-02-28
15344|38 2/3|2018-02-14
15346|42 2/3|2018-02-13
15346|46 2/3|2018-02-19
15352|42,5|2018-02-14
15355|M|2018-02-14
15369|L|2018-02-22
15369|M|2018-02-23
15375|S ( 34-38 )|2018-02-28
15376|42|2018-02-14
15376|42 2/3|2018-02-28
15381|42 2/3|2018-02-25
15390|M|2018-02-12
15396|39 - 42|2018-02-21
15408|2XL|2018-02-12
15428|L ( 152-158 )|2018-02-28
15429|L|2018-02-28
15429|M|2018-02-28
15434|L|2018-02-14
15434|S|2018-02-28
15438|L ( 152-158 )|2018-02-06
15438|XL ( 158-170 )|2018-02-07
15460|42|2018-02-28
15460|42,5|2018-02-14
15472|M|2018-02-13
15473|L ( 152-158 )|2018-02-28
15473|XL ( 158-170 )|2018-02-28
15493|M ( 140-152 )|2018-02-12
15497|M|2018-02-15
15512|40 2/3|2018-02-28
15520|164|2018-02-19
15520|176|2018-02-19
15536|42|2018-02-14
15536|42 2/3|2018-02-14
15536|43 1/3|2018-02-28
15536|45 1/3|2018-02-28
15538|4 ( 43-46 )|2018-02-09
15543|M ( 38-42 )|2018-02-14
15543|XL (46-50 )|2018-02-28
15547|46 2/3|2018-02-28
15551|42,5|2018-02-24
15551|43|2018-02-19
15559|164|2018-02-16
15564|4 ( 43-46 )|2018-02-28
15567|M|2018-02-14
15571|3 ( 40-42 )|2018-02-24
15571|4 ( 43-45 )|2018-02-22
15576|39|2018-02-28
15576|42|2018-02-11
15576|44|2018-02-09
15577|M|2018-02-28
15577|S|2018-02-28
15578|S ( 34-38 )|2018-02-12
15583|L|2018-02-17
15585|140|2018-02-11
15586|M|2018-02-17
15590|39 1/3|2018-02-28
15590|42|2018-02-28
15590|44|2018-02-14
15593|140|2018-02-28
15593|152|2018-02-28
15593|164|2018-02-28
15595|40 2/3|2018-02-28
15595|43 1/3|2018-02-28
15602|152|2018-02-19
15603|42 2/3|2018-02-18
15603|43 1/3|2018-02-09
15603|44 2/3|2018-02-19
15603|45 1/3|2018-02-28
15603|46|2018-02-18
15603|47 1/3|2018-02-11
15608|2XL|2018-02-10
15614|2XL|2018-02-28
15614|XL|2018-02-10
15625|M ( 140-152 )|2018-02-14
15625|XL ( 158-170 )|2018-02-28
15632|41|2018-02-24
15641|4 ( 43-45 )|2018-02-08
15642|1 ( Junior)|2018-02-22
15646|M|2018-02-28
15652|L|2018-02-04
15663|L|2018-02-17
15669|L ( 152-158 )|2018-02-18
15697|164|2018-02-28
15703|42,5|2018-02-14
15705|2XL|2018-02-27
15705|L|2018-02-28
15705|M|2018-02-28
15705|XL|2018-02-14
15709|152|2018-02-28
15715|L|2018-02-19
15726|L|2018-02-28
15726|M|2018-02-14
15726|S|2018-02-28
15727|XL|2018-02-28
15750|2 ( 35-38 )|2018-02-28
15750|5 ( 47-49 )|2018-02-08
15752|43|2018-02-24
15752|45|2018-02-19
15752|45,5|2018-02-14
15755|42,5|2018-02-28
15755|44|2018-02-18
15755|44,5|2018-02-28
15755|45|2018-02-28
15756|45|2018-02-28
15757|M ( 140-152 )|2018-02-17
15757|S ( 128-140 )|2018-02-24
15757|XS ( 116-128 )|2018-02-18
15762|3XL|2018-02-14
15762|M|2018-02-14
15762|S|2018-02-28
15762|XL|2018-02-14
15765|L|2018-02-14
15765|M|2018-02-14
15765|XL|2018-02-14
15775|37|2018-02-28
15775|38|2018-02-28
15775|39|2018-02-28
15775|39,5|2018-02-28
15775|41|2018-02-22
15775|42|2018-02-14
15775|42,5|2018-02-20
15775|43|2018-02-22
15778|42|2018-02-24
15780|39/42|2018-02-28
15780|43/46|2018-02-28
15780|47/49|2018-02-18
15783|M ( 140-152 )|2018-02-28
15783|XL ( 158-170 )|2018-02-28
15784|M|2018-02-09
15794|L|2018-02-28
15803|43|2018-02-28
15810|40,5|2018-02-14
15810|42,5|2018-02-25
15810|43|2018-02-15
15810|44,5|2018-02-24
15810|45|2018-02-28
15813|2XL|2018-02-28
15813|L|2018-02-11
15813|S|2018-02-21
15822|4 ( 43-45 )|2018-02-15
15828|3 ( 40-42 )|2018-02-21
15828|4 ( 43-45 )|2018-02-28
15828|5 ( 46-48 )|2018-02-24
15864|L|2018-02-19
15864|XL|2018-02-28
15866|L|2018-02-23
15866|M|2018-02-22
15870|35|2018-02-28
15878|XL ( 158-170 )|2018-02-16
15880|XL|2018-02-28
15890|M|2018-02-06
15890|S|2018-02-17
15891|L|2018-02-28
15891|S|2018-02-28
15893|43 1/3|2018-02-14
15893|44|2018-02-28
15893|44 2/3|2018-02-28
15893|45 1/3|2018-02-28
15893|46|2018-02-28
15894|S|2018-02-14
15912|M ( 38-42 )|2018-02-14
15913|43|2018-02-19
15915|XL|2018-02-28
15917|44|2018-02-14
15917|44,5|2018-02-14
15930|43|2018-02-27
15930|44|2018-02-28
15930|45|2018-02-21
15934|XL|2018-02-28
15944|2XL|2018-02-26
15946|XL|2018-02-12
15953|S ( 128-140 )|2018-02-24
15955|38,5|2018-02-28
15958|42|2018-02-28
15962|L|2018-02-26
15962|S|2018-02-26
15968|44|2018-02-28
15971|42|2018-02-28
15971|42,5|2018-02-28
15971|43|2018-02-28
15971|44|2018-02-28
15971|44,5|2018-02-28
15971|45|2018-02-28
15973|L|2018-02-14
15973|M|2018-02-14
15973|XL|2018-02-28
15974|2XL|2018-02-28
15975|38|2018-02-26
15983|M|2018-02-22
15984|2XL|2018-02-28
15984|L|2018-02-27
15984|S|2018-02-28
15984|XL|2018-02-14
15988|5 ( 43-46 )|2018-02-19
15992|42,5|2018-02-28
15996||2018-02-17
15999|35|2018-02-22
16000|M|2018-02-23
16049|L|2018-02-25
16049|M|2018-02-13
16051|S|2018-02-06
16051|XL|2018-02-28
16087|L|2018-02-20
16088|M|2018-02-17
16088|XL|2018-02-28
16089|34|2018-02-28
16091|42,5|2018-02-19
16091|43|2018-02-24
16101|M|2018-02-13
16101|S|2018-02-11
16101|XL|2018-02-14
16103|128|2018-02-14
16103|152|2018-02-26
16107|40|2018-02-28
16107|42 2/3|2018-02-28
16107|44|2018-02-24
16116|3|2018-02-14
16126|38|2018-02-14
16129|S|2018-02-28
16130|42|2018-02-28
16130|42,5|2018-02-28
16131|164|2018-02-23
16132|2XL|2018-02-14
16132|L|2018-02-14
16132|M|2018-02-14
16145|46|2018-02-16
16149|M|2018-02-28
16166|164|2018-02-28
16172|L|2018-02-28
16180|43 1/3|2018-02-28
16184|2 ( Senior )|2018-02-05
16187|M|2018-02-28
16209|XL|2018-02-28
16210|40|2018-02-21
16210|40 2/3|2018-02-16
16210|41 1/3|2018-02-26
16210|42|2018-02-16
16210|44|2018-02-11
16210|44 2/3|2018-02-15
16210|45 1/3|2018-02-17
16210|46|2018-02-21
16213|2XL|2018-02-22
16213|S|2018-02-06
16213|XL|2018-02-14
16214|42,5|2018-02-28
16221|2XL|2018-02-26
16227|L|2018-02-15
16230|M|2018-02-28
16232|L|2018-02-17
16232|M|2018-02-11
16232|S|2018-02-10
16245|L|2018-02-16
16245|M|2018-02-22
16245|S|2018-02-14
16245|XL|2018-02-24
16249|L|2018-02-25
16249|M|2018-02-14
16249|S|2018-02-17
16249|XL|2018-02-14
16254|164/176|2018-02-13
16256|42,5|2018-02-28
16265|L|2018-02-14
16265|M|2018-02-14
16268|M|2018-02-28
16272|44,5|2018-02-28
16277|152|2018-02-14
16287|41|2018-02-21
16287|43|2018-02-12
16287|44|2018-02-07
16287|44,5|2018-02-13
16287|46|2018-02-23
16287|47|2018-02-28
16297|33,5|2018-02-28
16297|34|2018-02-28
16297|35,5|2018-02-14
16297|36,5|2018-02-14
16297|37,5|2018-02-14
16297|38|2018-02-28
16297|38,5|2018-02-14
16302|S|2018-02-17
16302|XL|2018-02-04
16304|L ( 152-158 )|2018-02-14
16308|L|2018-02-19
16308|XL|2018-02-14
16309|2XL|2018-02-17
16309|S|2018-02-10
16317|L|2018-02-28
16319|2XL|2018-02-24
16319|S|2018-02-14
16325|2XL|2018-02-14
16325|S|2018-02-07
16325|XL|2018-02-13
16330|41 1/3|2018-02-26
16330|42 2/3|2018-02-27
16330|43 1/3|2018-02-27
16330|44|2018-02-23
16331|L|2018-02-28
16332|44 2/3|2018-02-14
16345|L ( 152-158 )|2018-02-06
16345|XL ( 158-170 )|2018-02-19
16346|M|2018-02-14
16349|2XL|2018-02-14
16349|S|2018-02-08
16349|XL|2018-02-24
16352|36,5|2018-02-28
16352|37,5|2018-02-28
16354|2XL|2018-02-22
16354|XL|2018-02-12
16357|L|2018-02-10
16357|S|2018-02-22
16357|XL|2018-02-21
16361|XL|2018-02-28
16365|M|2018-02-28
16366|41|2018-02-14
16369|S ( 34-38 )|2018-02-22
16369|XL (46-50 )|2018-02-05
16372|L|2018-02-25
16373|44|2018-02-28
16376|M|2018-02-28
16377|42 2/3|2018-02-08
16377|43 1/3|2018-02-08
16377|44|2018-02-07
16377|44 2/3|2018-02-13
16378|XL ( 158-170 )|2018-02-21
16396|L|2018-02-28
16396|XL|2018-02-28
16400|44,5|2018-02-28
16418|L|2018-02-10
16418|M|2018-02-26
16418|XL|2018-02-14
16423|2XL|2018-02-20
16423|S|2018-02-14
16425|43|2018-02-28
16425|44,5|2018-02-28
16427|39 1/3|2018-02-28
16427|41 1/3|2018-02-28
16427|42 2/3|2018-02-14
16427|44|2018-02-28
16427|44 2/3|2018-02-24
16427|46|2018-02-27
16428|M ( 140-152 )|2018-02-28
16436|XL (46-50 )|2018-02-27
16449|140|2018-02-11
16449|152|2018-02-12
16449|164|2018-02-17
16462|2XL|2018-02-19
16466|2XL|2018-02-26
16466|S|2018-02-06
16468|41|2018-02-14
16468|44|2018-02-28
16481|L|2018-02-28
16504|L|2018-02-14
16504|M|2018-02-12
16504|S|2018-02-20
16504|XL|2018-02-28
16505|40|2018-02-28
16505|41|2018-02-28
16505|42,5|2018-02-28
16505|44|2018-02-28
16519|M|2018-02-26
16519|S|2018-02-19
16531|44|2018-02-26
16556|M|2018-02-17
16565|44|2018-02-18
16597|2XL|2018-02-14
16597|3XL|2018-02-28
16597|L|2018-02-14
16597|M|2018-02-28
16597|S|2018-02-14
16597|XL|2018-02-14
16599|L ( 42-46 )|2018-02-04
16599|M ( 38-42 )|2018-02-07
16599|XL (46-50 )|2018-02-21
16602|40,5|2018-02-14
16602|41|2018-02-28
16602|43|2018-02-22
16602|45|2018-02-28
16602|47,5|2018-02-25
16604|L|2018-02-15
16604|M|2018-02-21
16604|S|2018-02-28
16615|L|2018-02-14
16615|M|2018-02-13
16630|L|2018-02-14
16635|2XL|2018-02-03
16640|2XL|2018-02-14
16640|XL|2018-02-14
16641|S ( 34/36 )|2018-02-19
16660|M|2018-02-28
16665|38|2018-02-14
16673|L|2018-02-26
16677|31|2018-02-28
16677|38|2018-02-28
16685|42,5|2018-02-26
16689|L|2018-02-26
16689|M|2018-02-21
16689|XL|2018-02-27
16690|36|2018-02-28
16698|XL ( 158-170 )|2018-02-28
16706|43|2018-02-28
16706|44|2018-02-23
16707|2XL|2018-02-14
16707|L|2018-02-14
16709|M ( 38-42 )|2018-02-05
16709|S ( 34-38 )|2018-02-28
16716|45,5|2018-02-14
16719|164|2018-02-14
16723|M|2018-02-20
16725|42,5|2018-02-15
16725|43|2018-02-26
16725|44|2018-02-18
16725|45,5|2018-02-24
16725|46|2018-02-24
16727|M|2018-02-14
16733|40|2018-02-28
16733|41 1/3|2018-02-24
16733|42|2018-02-12
16735|S|2018-02-07
16741|M|2018-02-14
16743|L|2018-02-14
16747|128|2018-02-14
16747|140|2018-02-28
16747|146|2018-02-28
16747|164|2018-02-28
16750|2XL|2018-02-15
16751|L|2018-02-18
16755|L|2018-02-28
16755|M|2018-02-20
16755|S|2018-02-18
16756|L|2018-02-21
16756|M|2018-02-14
16761|38 2/3|2018-02-09
16763|39 1/3|2018-02-28
16763|42|2018-02-28
16763|43 1/3|2018-02-28
16763|46|2018-02-14
16765|164|2018-02-15
16770|M|2018-02-14
16780|43|2018-02-17
16780|44|2018-02-14
16780|45|2018-02-28
16780|45,5|2018-02-18
16785|S|2018-02-28
16786|38,5|2018-02-14
16786|39|2018-02-14
16788|XL (46-48,5)|2018-02-14
16797|140|2018-02-17
16797|176|2018-02-20
16799|S ( 128-140 )|2018-02-24
16804|XL|2018-02-11
16806|L|2018-02-14
16806|M|2018-02-28
16806|S|2018-02-14
16806|XL|2018-02-16
16812|42|2018-02-20
16814|44,5|2018-02-28
16814|45|2018-02-14
16817|152|2018-02-03
16817|164|2018-02-12
16817|176|2018-02-08
16826|140|2018-02-14
16826|152|2018-02-28
16826|164|2018-02-28
16827|XL|2018-02-11
16835|43|2018-02-28
16842|L|2018-02-17
16842|M|2018-02-03
16842|S|2018-02-28
16842|XL|2018-02-24
16848|2XL|2018-02-13
16850|44|2018-02-11
16853|S|2018-02-07
16853|XL|2018-02-08
16854|38,5|2018-02-27
16868|L|2018-02-12
16868|M|2018-02-15
16868|XL|2018-02-28
16872|3 ( 40-42 )|2018-02-21
16872|5 ( 46-48 )|2018-02-28
16876|L|2018-02-14
16877|2XL|2018-02-17
16882|8|2018-02-17
16894|152|2018-02-27
16894|164|2018-02-26
16902|2XL|2018-02-24
16902|L|2018-02-28
16902|S|2018-02-14
16902|XL|2018-02-28
16907|L|2018-02-28
16911|42|2018-02-14
16911|43|2018-02-14
16911|44|2018-02-22
16911|44,5|2018-02-28
16911|45|2018-02-14
16912|164|2018-02-14
16918|44,5|2018-02-12
16923|2XL|2018-02-14
16923|L|2018-02-13
16923|XL|2018-02-21
16924|44 2/3|2018-02-14
16929|42|2018-02-28
16931|42 2/3|2018-02-28
16932|L|2018-02-14
16932|M|2018-02-28
16932|XL|2018-02-28
16942|152|2018-02-24
16942|164|2018-02-20
16949|M|2018-02-14
16950|44 2/3|2018-02-28
16950|46|2018-02-14
16962|XL ( 158-170 )|2018-02-28
16963|S|2018-02-14
16970|L|2018-02-04
16970|M|2018-02-13
16971|1 ( 33-36 )|2018-02-14
16971|2 ( 37-40 )|2018-02-28
16971|3 ( 41-43 )|2018-02-14
16974|44,5|2018-02-14
16976|3XL|2018-02-14
16978|4 ( 39-42 )|2018-02-14
16978|5 ( 43-46 )|2018-02-13
16979|164|2018-02-10
16980|S|2018-02-23
16982|40|2018-02-28
16982|45|2018-02-18
16984|L|2018-02-28
16984|M|2018-02-14
16984|S|2018-02-14
16984|XL|2018-02-14
16992|L|2018-02-24
16992|XL|2018-02-28
16993|2XL|2018-02-14
16993|S|2018-02-14
16993|XL|2018-02-14
16996|43|2018-02-28
17009|L|2018-02-14
17009|M|2018-02-14
17009|S|2018-02-27
17009|XL|2018-02-19
17009|XS|2018-02-28
17012|L|2018-02-11
17012|S|2018-02-26
17013|XL ( 158-170 )|2018-02-11
17018|164|2018-02-26
17019|L|2018-02-28
17019|M|2018-02-22
17019|XL|2018-02-16
17024|L|2018-02-10
17024|M|2018-02-28
17024|XL|2018-02-14
17026|L|2018-02-14
17026|S|2018-02-28
17026|XL|2018-02-28
17027|M|2018-02-11
17029|42|2018-02-28
17029|42,5|2018-02-14
17029|43|2018-02-28
17029|44|2018-02-28
17029|44,5|2018-02-14
17029|45|2018-02-25
17029|46|2018-02-28
17029|47|2018-02-28
17035|M|2018-02-14
17035|S|2018-02-28
17046|2 ( 37-39 )|2018-02-09
17046|4 ( 43-45 )|2018-02-24
17061|XL ( 158-170 )|2018-02-28
17069|164|2018-02-20
17075|L|2018-02-14
17075|M|2018-02-14
17075|XL|2018-02-14
17079|M ( 38/40 )|2018-02-14
17087|4 ( 39-42 )|2018-02-09
17087|5 ( 43-46 )|2018-02-14
17088|L|2018-02-28
17088|M|2018-02-25
17097|45,5|2018-02-28
17103|140|2018-02-10
17103|176|2018-02-04
17124|42,5|2018-02-28
17124|43|2018-02-15
17124|44|2018-02-25
17124|44,5|2018-02-19
17124|45,5|2018-02-28
17124|46|2018-02-28
17124|47|2018-02-28
17131|M ( 38/40 )|2018-02-21
17136|43|2018-02-17
17136|44,5|2018-02-27
17136|45|2018-02-27
17136|45,5|2018-02-28
17140|41 1/3|2018-02-13
17140|44|2018-02-07
17147|4 ( 43-45 )|2018-02-28
17148|116|2018-02-26
17148|152|2018-02-28
17148|164|2018-02-12
17153|L|2018-02-13
17153|M|2018-02-16
17155|3 ( 39-42 )|2018-02-14
17158|L ( 152-158 )|2018-02-28
17158|XL ( 158-170 )|2018-02-28
17161|45,5|2018-02-28
17162|42,5|2018-02-14
17164|47|2018-02-28
17175|41|2018-02-28
17180|2XL|2018-02-11
17189|40,5|2018-02-28
17189|41|2018-02-28
17189|42|2018-02-28
17189|43|2018-02-18
17189|44|2018-02-18
17189|45|2018-02-28
17189|46|2018-02-20
17195|39 - 42|2018-02-11
17195|47 - 50|2018-02-17
17208|L|2018-02-14
17212|2XL|2018-02-07
17213|46|2018-02-22
17214|L|2018-02-28
17214|M|2018-02-27
17214|S|2018-02-28
17218|L|2018-02-25
17218|S|2018-02-12
17218|XL|2018-02-08
17219|M|2018-02-17
17219|S|2018-02-28
17219|XL|2018-02-14
17225|3 ( 40-42 )|2018-02-14
17225|4 ( 43-45 )|2018-02-28
17225|5 ( 46-48 )|2018-02-24
17227|M ( 38/40 )|2018-02-14
17229|14 (46-48)|2018-02-28
17232|M|2018-02-14
17241|L|2018-02-07
17241|S|2018-02-14
17243|L|2018-02-28
17243|M|2018-02-14
17248|41|2018-02-28
17248|42|2018-02-25
17251|42,5|2018-02-28
17255|40|2018-02-15
17255|40,5|2018-02-19
17255|41|2018-02-20
17255|42,5|2018-02-14
17255|43|2018-02-28
17255|44,5|2018-02-15
17255|45,5|2018-02-24
17266|L|2018-02-28
17266|M|2018-02-28
17276|2XL|2018-02-28
17276|L|2018-02-27
17276|M|2018-02-17
17276|S|2018-02-28
17276|XL|2018-02-27
17282|164|2018-02-28
17297|42|2018-02-28
17297|42 2/3|2018-02-27
17302|2XL|2018-02-28
17302|L|2018-02-14
17302|S|2018-02-28
17302|XL|2018-02-28
17304|43|2018-02-22
17313|L|2018-02-06
17313|M|2018-02-05
17313|XL|2018-02-17
17321|2XL|2018-02-14
17321|XL|2018-02-14
17321|XS|2018-02-14
17332|XL|2018-02-14
17346|L|2018-02-15
17346|S|2018-02-26
17346|XL|2018-02-11
17356|M|2018-02-20
17359|2XL|2018-02-28
17359|M|2018-02-13
17359|S|2018-02-14
17361|43|2018-02-13
17364|43|2018-02-19
17373|S|2018-02-24
17382|42|2018-02-28
17382|42,5|2018-02-28
17382|44|2018-02-24
17389|140|2018-02-14
17389|152|2018-02-14
17389|164|2018-02-14
17393|L|2018-02-28
17401|140|2018-02-28
17401|152|2018-02-16
17403|L|2018-02-26
17403|M|2018-02-12
17403|S|2018-02-12
17403|XL|2018-02-22
17407|43 1/3|2018-02-22
17407|44|2018-02-13
17407|44 2/3|2018-02-25
17412|40|2018-02-14
17412|44|2018-02-24
17412|44 2/3|2018-02-28
17421|L|2018-02-21
17421|M|2018-02-28
17425|L|2018-02-28
17449|L|2018-02-28
17449|M|2018-02-17
17449|XL|2018-02-24
17456|L|2018-02-14
17456|M|2018-02-28
17456|XL|2018-02-28
17461|5 ( 46-48 )|2018-02-28
17463|128|2018-02-07
17466|L|2018-02-28
17466|M|2018-02-21
17466|S|2018-02-21
17477|L|2018-02-16
17477|M|2018-02-06
17477|S|2018-02-25
17486|140|2018-02-14
17487|44|2018-02-28
17489|L|2018-02-28
17489|M|2018-02-14
17492|36|2018-02-15
17492|37 1/3|2018-02-28
17492|38|2018-02-27
17492|38 2/3|2018-02-28
17494|2XL|2018-02-28
17498|M|2018-02-22
17502|S|2018-02-14
17519|L|2018-02-28
17519|M|2018-02-28
17522|L|2018-02-14
17522|M|2018-02-14
17525|M|2018-02-17
17525|XL|2018-02-14
17528|XL|2018-02-19
17545|L|2018-02-13
17549|43|2018-02-28
17551|39|2018-02-28
17551|40|2018-02-14
17570|3XL|2018-02-14
17570|L|2018-02-14
17570|M|2018-02-18
17570|S|2018-02-14
17570|XL|2018-02-14
17571|40 2/3|2018-02-14
17571|42 2/3|2018-02-28
17571|44|2018-02-14
17571|46|2018-02-14
17572|L ( 152-158 )|2018-02-11
17572|S ( 128-140 )|2018-02-12
17578|42 2/3|2018-02-27
17581|37 1/3|2018-02-28
17581|38|2018-02-28
17587|S|2018-02-16
17588|S|2018-02-11
17588|XL|2018-02-20
17592|S|2018-02-05
17592|XL|2018-02-09
17594|44|2018-02-27
17608|M|2018-02-28
17609|L|2018-02-14
17609|M|2018-02-22
17609|XL|2018-02-28
17611|38|2018-02-28
17611|39|2018-02-14
17619|164|2018-02-28
17626|42|2018-02-28
17626|44|2018-02-28
17626|47|2018-02-14
17633|45,5|2018-02-23
17636|44,5|2018-02-28
17636|48,5|2018-02-28
17654|2XL|2018-02-16
17655|38 2/3|2018-02-20
17662|2|2018-02-28
17666|40|2018-02-27
17666|42|2018-02-27
17666|44|2018-02-21
17669|38,5|2018-02-28
17671|43|2018-02-13
17671|44|2018-02-12
17672|M|2018-02-14
17673|XL ( 158-170 )|2018-02-23
17681|M ( 38/40 )|2018-02-28
17681|S ( 34/36 )|2018-02-16
17682|L|2018-02-25
17687|L|2018-02-13
17687|M|2018-02-11
17701|XL ( 158-170 )|2018-02-14
17704|44,5|2018-02-19
17708|41|2018-02-26
17708|42|2018-02-14
17708|42,5|2018-02-28
17708|43|2018-02-16
17708|44,5|2018-02-14
17708|46|2018-02-26
17709|43|2018-02-28
17709|44|2018-02-28
17712|M ( 38/40 )|2018-02-28
17717|M ( 140-152 )|2018-02-19
17720|140|2018-02-19
17722|140|2018-02-14
17722|164|2018-02-18
17726|43|2018-02-28
17726|44|2018-02-27
17726|44,5|2018-02-28
17726|45,5|2018-02-28
17732|L|2018-02-28
17736|XL|2018-02-14
17750|45,5|2018-02-28
17761|L|2018-02-26
17764|M|2018-02-28
17768|35|2018-02-20
17768|35,5|2018-02-28
17768|36|2018-02-14
17768|36,5|2018-02-28
17768|37,5|2018-02-28
17768|38|2018-02-14
17768|38,5|2018-02-28
17771|2XL|2018-02-28
17771|S|2018-02-28
17771|XS|2018-02-14
17775|44 2/3|2018-02-14
17778|41|2018-02-28
17788|S|2018-02-14
17788|XL|2018-02-09
17797|2XL|2018-02-20
17797|S|2018-02-28
17797|XL|2018-02-22
17797|XS|2018-02-20
17798|40,5|2018-02-28
17798|42,5|2018-02-14
17798|43|2018-02-12
17800|L|2018-02-28
17804|L|2018-02-17
17804|M|2018-02-27
17811|L ( 152-158 )|2018-02-12
17811|M ( 140-152 )|2018-02-12
17813|1 ( Junior)|2018-02-18
17814|41|2018-02-21
17814|42,5|2018-02-27
17818|L ( 152-158 )|2018-02-28
17820|L|2018-02-13
17820|M|2018-02-17
17834|43 1/3|2018-02-28
17836|42 2/3|2018-02-28
17836|44|2018-02-26
17838|L|2018-02-28
17841|4 ( 39-42 )|2018-02-28
17848|42|2018-02-14
17848|43|2018-02-28
17856|42,5|2018-02-24
17856|44,5|2018-02-26
17858|S|2018-02-13
17858|XL|2018-02-27
17861|43 1/3|2018-02-06
17862|43 1/3|2018-02-28
17876|XL|2018-02-28
17885|M ( 140-152 )|2018-02-15
17893|42 2/3|2018-02-14
17894|43 1/3|2018-02-25
17894|46|2018-02-28
17907|L|2018-02-28
17907|S|2018-02-21
17907|XL|2018-02-26
17913|M|2018-02-28
17931|XL|2018-02-14
17933|M|2018-02-26
17941|M|2018-02-14
17947|L|2018-02-28
17957|2 ( 37-39 )|2018-02-19
17957|3 ( 40-42 )|2018-02-26
17957|4 ( 43-45 )|2018-02-14
17957|5 ( 46-48 )|2018-02-28
17967|L|2018-02-14
17967|M|2018-02-14
17967|XL|2018-02-28
17985|4XL|2018-02-14
17985|XL|2018-02-11
17989|L|2018-02-27
17989|M|2018-02-16
18004|45,5|2018-02-25
18005|L|2018-02-28
18005|M|2018-02-26
18005|S|2018-02-28
18009|L|2018-02-18
18009|M|2018-02-19
18015|2XL|2018-02-20
18015|XL|2018-02-17
18016|L|2018-02-14
18016|M|2018-02-14
18023|M|2018-02-14
18024|M ( 140-152 )|2018-02-11
18024|S ( 128-140 )|2018-02-07
18024|XL ( 158-170 )|2018-02-05
18029|XS/S|2018-02-23
18060|39 1/3|2018-02-15
18060|46|2018-02-06
18062|L|2018-02-28
18079|L|2018-02-14
18079|M|2018-02-14
18091|S|2018-02-08
18091|XL|2018-02-12
18092|43|2018-02-28
18092|44,5|2018-02-28
18096|L|2018-02-14
18097|L ( 152-158 )|2018-02-14
18097|XL ( 158-170 )|2018-02-28
18143|S|2018-02-14
18143|XL|2018-02-11
18146|43,5|2018-02-14
18158|42 2/3|2018-02-15
18158|43 1/3|2018-02-24
18158|44|2018-02-28
18161|L|2018-02-14
18161|M|2018-02-28
18161|XL|2018-02-27
18162|44|2018-02-27
18170|S|2018-02-14
18170|XL|2018-02-22
18172|L|2018-02-13
18178|152|2018-02-28
18179|L|2018-02-18
18179|M|2018-02-28
18182|S|2018-02-24
18184|XS|2018-02-28
18185|41|2018-02-28
18185|44,5|2018-02-12
18195|S|2018-02-08
18207|L|2018-02-14
18215|L ( 42-47 )|2018-02-28
18228|2XL|2018-02-14
18228|M|2018-02-07
18228|XL|2018-02-22
18232|2XL|2018-02-15
18232|XL|2018-02-11
18233|L|2018-02-24
18236|42,5|2018-02-14
18236|43|2018-02-14
18236|45|2018-02-28
18250|44|2018-02-08
18255|4 ( 39-42 )|2018-02-24
18256|42|2018-02-18
18256|43 1/3|2018-02-23
18256|46|2018-02-24
18265|44|2018-02-27
18297|L ( 40/42 )|2018-02-10
18297|M ( 38/40 )|2018-02-05
18297|S ( 34/36 )|2018-02-14
18301|2XL|2018-02-28
18301|M|2018-02-28
18301|S|2018-02-28
18301|XL|2018-02-14
18308|47 - 50|2018-02-17
18309|41 - 44|2018-02-27
18314|5 ( 43-46 )|2018-02-19
18333|44|2018-02-21
18333|44,5|2018-02-28
18339|42 2/3|2018-02-13
18339|43 1/3|2018-02-22
18339|44|2018-02-22
18339|44 2/3|2018-02-04
18339|45 1/3|2018-02-12
18340|M|2018-02-21
18344|45,5|2018-02-14
18356|3XL|2018-02-07
18373|L|2018-02-28
18373|XL|2018-02-14
18375|S|2018-02-11
18375|XL|2018-02-06
18376|164|2018-02-14
18378|M|2018-02-16
18379|L|2018-02-12
18379|M|2018-02-15
18386|164|2018-02-14
18389|L ( 42-46 )|2018-02-13
18389|M ( 38-42 )|2018-02-19
18390|42,5|2018-02-09
18390|43|2018-02-12
18390|44|2018-02-11
18390|44,5|2018-02-20
18395|2XL|2018-02-08
18397|M|2018-02-28
18399|40|2018-02-14
18399|41|2018-02-28
18399|42|2018-02-26
18399|42,5|2018-02-22
18399|44,5|2018-02-28
18399|45,5|2018-02-26
18401|M|2018-02-28
18401|S|2018-02-28
18407|39,5|2018-02-28
18413|3 ( 40-42 )|2018-02-28
18413|5 ( 46-48 )|2018-02-18
18415|XL|2018-02-13
18429|7 ( L )|2018-02-14
18438|L|2018-02-28
18438|S|2018-02-06
18442|38,5|2018-02-28
18445|M ( 38/40 )|2018-02-14
18445|S ( 34/36 )|2018-02-15
18445|XL ( 44/46 )|2018-02-28
18445|XS ( 32/34 )|2018-02-26
18448|XL|2018-02-24
18451|44,5|2018-02-28
18457|L|2018-02-11
18457|XL|2018-02-11
18463|XL|2018-02-14
18467|43 1/3|2018-02-12
18467|45 1/3|2018-02-12
18467|46 2/3|2018-02-23
18468|164|2018-02-14
18469|44 2/3|2018-02-19
18471|L|2018-02-08
18472|L|2018-02-13
18472|M|2018-02-10
18472|XL|2018-02-17
18477|164|2018-02-07
18481|M|2018-02-13
18489|164|2018-02-14
18496|M|2018-02-18
18497|42|2018-02-28
18497|42,5|2018-02-23
18499|2XL|2018-02-28
18499|L|2018-02-28
18499|M|2018-02-19
18499|XL|2018-02-28
18504|L|2018-02-16
18504|M|2018-02-15
18504|S|2018-02-26
18504|XL|2018-02-24
18522|L|2018-02-25
18522|M|2018-02-14
18534|43 1/3|2018-02-27
18534|44|2018-02-18
18539|42|2018-02-27
18539|44 2/3|2018-02-26
18542|XL|2018-02-08
18551|L|2018-02-28
18555|44,5|2018-02-08
18559|39 1/3|2018-02-24
18559|40 2/3|2018-02-05
18559|41 1/3|2018-02-19
18559|42|2018-02-28
18559|42 2/3|2018-02-28
18559|43 1/3|2018-02-11
18559|44|2018-02-16
18559|44 2/3|2018-02-28
18559|45 1/3|2018-02-11
18559|46|2018-02-18
18559|46 2/3|2018-02-12
18560|L|2018-02-14
18560|M|2018-02-14
18560|S|2018-02-23
18560|XL|2018-02-28
18562|XL|2018-02-28
18562|XS|2018-02-28
18567|164|2018-02-27
18571|37,5|2018-02-28
18572|L|2018-02-14
18574|44 2/3|2018-02-28
18574|46|2018-02-24
18578|36|2018-02-14
18595|M|2018-02-14
18603|L|2018-02-28
18603|M|2018-02-28
18603|S|2018-02-26
18608|M ( 38/40 )|2018-02-28
18609|2XL|2018-02-28
18611|M|2018-02-17
18620|152|2018-02-06
18621|XL|2018-02-05
18623|5 ( 43-46 )|2018-02-24
18626|40|2018-02-26
18626|42|2018-02-19
18626|43|2018-02-28
18626|44|2018-02-28
18626|44,5|2018-02-18
18626|45|2018-02-18
18628|37,5|2018-02-14
18628|38|2018-02-28
18628|38,5|2018-02-28
18631|44|2018-02-14
18634|42|2018-02-15
18634|43|2018-02-15
18634|46|2018-02-28
18642|L|2018-02-18
18642|M|2018-02-14
18642|S|2018-02-14
18642|XL|2018-02-14
18648|43 - 46|2018-02-25
18667|152|2018-02-13
18667|164|2018-02-11
18670|XL ( 158-170 )|2018-02-14
18672|39|2018-02-14
18688|44|2018-02-28
18688|45 1/3|2018-02-28
18701|L|2018-02-14
18701|M|2018-02-28
18702|164|2018-02-18
18707|L|2018-02-28
18709|152|2018-02-09
18720|M|2018-02-19
18722|116|2018-02-25
18746|38,5|2018-02-14
18749|2XL|2018-02-28
18749|L|2018-02-15
18749|S|2018-02-05
18751|L|2018-02-16
18754||2018-02-10
18756|L ( 152-158 )|2018-02-28
18756|XL ( 158-170 )|2018-02-14
18757|42|2018-02-16
18757|42 2/3|2018-02-16
18766|40|2018-02-28
18766|40,5|2018-02-14
18766|42,5|2018-02-24
18766|44|2018-02-14
18766|45|2018-02-28
18766|45,5|2018-02-28
18766|46|2018-02-21
18773|M|2018-02-28
18780|L ( 152-158 )|2018-02-14
18785|2XL|2018-02-28
18806|L|2018-02-05
18806|M|2018-02-16
18806|S|2018-02-12
18806|XL|2018-02-28
18807|40|2018-02-14
18807|43|2018-02-17
18812|41|2018-02-27
18812|42|2018-02-26
18812|43|2018-02-14
18812|44,5|2018-02-27
18812|45|2018-02-28
18812|45,5|2018-02-28
18812|46|2018-02-28
18813|41|2018-02-28
18813|42|2018-02-14
18813|42,5|2018-02-14
18813|43|2018-02-14
18813|44|2018-02-28
18813|44,5|2018-02-28
18813|45,5|2018-02-14
18813|46|2018-02-14
18819|L|2018-02-27
18822|L|2018-02-14
18828|44,5|2018-02-26
18838|M|2018-02-28
18840|L|2018-02-28
18840|M|2018-02-11
18840|S|2018-02-28
18852|M ( 38-42 )|2018-02-28
18852|XL (46-50 )|2018-02-28
18856|XL|2018-02-21
18859|3 ( 40-42 )|2018-02-14
18859|5 ( 46-48 )|2018-02-14
18871|34|2018-02-28
18881|XL ( 158-170 )|2018-02-28
18888|176|2018-02-28
18897|164/176|2018-02-16
18905|42,5|2018-02-25
18905|45|2018-02-28
18909|M|2018-02-12
18911|XL|2018-02-22
18915|XL|2018-02-14
18917|2XL|2018-02-18
18917|L|2018-02-28
18917|M|2018-02-23
18923|XL|2018-02-14
18946|L|2018-02-20
18946|M|2018-02-28
18946|S|2018-02-26
18946|XL|2018-02-28
18954|L ( 152-158 )|2018-02-21
18969|2XL|2018-02-14
18969|S|2018-02-14
18969|XL|2018-02-05
18977|2 ( Senior )|2018-02-28
18982|2XL|2018-02-10
18988|128|2018-02-18
18992|39|2018-02-28
19004|2XL|2018-02-28
19006|L|2018-02-28
19010|L|2018-02-14
19010|M|2018-02-18
19013|2XL|2018-02-23
19013|M|2018-02-28
19013|S|2018-02-18
19013|XL|2018-02-15
19027|XL|2018-02-15
19031|44|2018-02-28
19032|164|2018-02-28
19033|42,5|2018-02-27
19033|44,5|2018-02-28
19033|45|2018-02-14
19054|XS ( 116-128 )|2018-02-28
19058|36|2018-02-14
19058|37|2018-02-14
19058|37,5|2018-02-14
19058|38|2018-02-14
19058|38,5|2018-02-14
19058|39|2018-02-14
19058|40|2018-02-28
19058|40,5|2018-02-28
19058|41|2018-02-14
19058|42|2018-02-28
19063|M|2018-02-22
19067|42,5|2018-02-20
19069|42 2/3|2018-02-28
19080|41|2018-02-28
19080|42,5|2018-02-26
19080|44|2018-02-27
19089|42 2/3|2018-02-28
19089|45 1/3|2018-02-28
19095|42|2018-02-28
19095|42 2/3|2018-02-26
19095|45 1/3|2018-02-28
19098|S|2018-02-08
19107|L|2018-02-14
19110|M|2018-02-23
19121|42,5|2018-02-14
19129|L|2018-02-11
19148|XL ( 158-170 )|2018-02-19
19150|41 1/3|2018-02-21
19150|43 1/3|2018-02-28
19162|2XL|2018-02-27
19162|S|2018-02-07
19162|XL|2018-02-20
19168|2XL|2018-02-20
19168|M|2018-02-10
19171|176|2018-02-28
19191|44|2018-02-20
19196|L|2018-02-14
19196|M|2018-02-14
19196|XL|2018-02-14
19199|2XL|2018-02-17
19202|L|2018-02-18
19202|M|2018-02-28
19204|38,5|2018-02-14
19205|XL ( 158-170 )|2018-02-28
19217|L|2018-02-14
19217|M|2018-02-28
19229|46 2/3|2018-02-27
19231|L ( 40/42 )|2018-02-17
19231|M ( 38/40 )|2018-02-11
19241|L ( 42-46 )|2018-02-20
19245|S|2018-02-11
19246|38|2018-02-28
19247|M|2018-02-24
19248|41 1/3|2018-02-14
19248|43 1/3|2018-02-25
19248|46|2018-02-27
19253|L|2018-02-14
19255|M|2018-02-10
19255|S|2018-02-19
19264|S|2018-02-12
19264|XL|2018-02-12
19265|L|2018-02-15
19265|M|2018-02-05
19265|XL|2018-02-24
19266|L/T|2018-02-15
19267|42 2/3|2018-02-27
19272|40 2/3|2018-02-14
19272|41 1/3|2018-02-28
19272|42|2018-02-05
19272|42 2/3|2018-02-12
19272|43 1/3|2018-02-05
19272|44|2018-02-11
19272|44 2/3|2018-02-04
19272|45 1/3|2018-02-08
19272|46|2018-02-15
19272|46 2/3|2018-02-09
19277|L|2018-02-24
19280|42|2018-02-14
19280|42,5|2018-02-14
19280|43|2018-02-14
19280|44|2018-02-14
19280|44,5|2018-02-28
19280|45|2018-02-28
19280|46|2018-02-14
19301|43|2018-02-24
19318|44|2018-02-28
19318|44,5|2018-02-24
19318|46|2018-02-28
19323|42|2018-02-21
19323|43 1/3|2018-02-15
19323|44 2/3|2018-02-28
19325|35,5|2018-02-28
19331|M|2018-02-25
19332|40,5|2018-02-13
19332|42|2018-02-28
19332|43|2018-02-24
19332|44,5|2018-02-23
19349|M|2018-02-15
19353|152|2018-02-15
19353|164|2018-02-17
19354|2XL|2018-02-08
19368|L|2018-02-20
19378|M|2018-02-28
19380|42,5|2018-02-24
19380|44|2018-02-26
19381|5 ( 46-48 )|2018-02-14
19385|L|2018-02-28
19385|M|2018-02-28
19385|S|2018-02-26
19396|L|2018-02-28
19396|M|2018-02-26
19405|40 2/3|2018-02-17
19432|XL|2018-02-28
19439|L ( 152-158 )|2018-02-28
19439|XL ( 158-170 )|2018-02-28
19444|152|2018-02-10
19450|L|2018-02-16
19450|M|2018-02-13
19456|L|2018-02-10
19456|XL|2018-02-11
19459|L|2018-02-22
19459|M|2018-02-28
19459|S|2018-02-28
19459|XL|2018-02-28
19470|40 2/3|2018-02-15
19470|43 1/3|2018-02-16
19470|44 2/3|2018-02-17
19473|4 ( 43-46 )|2018-02-10
19474|44|2018-02-28
19485|38,5|2018-02-14
19498|L|2018-02-17
19498|M|2018-02-28
19499|L ( 42-46 )|2018-02-05
19505|XL|2018-02-08
19506|S ( 128-140 )|2018-02-22
19506|XS ( 116-128 )|2018-02-17
19517||2018-02-02
19527|S|2018-02-28
19529|L|2018-02-25
19533|43/46|2018-02-28
19537|2XL|2018-02-28
19537|S|2018-02-14
19539|42,5|2018-02-14
19539|45|2018-02-14
19547|M|2018-02-28
19556|M|2018-02-27
19579|40|2018-02-28
19579|40,5|2018-02-28
19579|42,5|2018-02-15
19579|44|2018-02-11
19579|45|2018-02-28
19579|46|2018-02-28
19579|47,5|2018-02-28
19580|4 ( 44-46 )|2018-02-14
19582|L|2018-02-10
19587|L|2018-02-19
19587|M|2018-02-28
19587|S|2018-02-14
19588|S|2018-02-14
19588|XL|2018-02-11
19591|2XL|2018-02-28
19591|L|2018-02-25
19591|M|2018-02-14
19591|S|2018-02-14
19591|XL|2018-02-14
19591|XS|2018-02-28
19592|L|2018-02-14
19601|42|2018-02-28
19601|43|2018-02-21
19601|44|2018-02-14
19601|45,5|2018-02-16
19613|40,5|2018-02-28
19613|44,5|2018-02-20
19616|4 ( 43-45 )|2018-02-28
19630|41|2018-02-28
19630|42|2018-02-20
19635|39|2018-02-28
19635|40|2018-02-14
19635|40,5|2018-02-28
19635|42|2018-02-26
19635|43|2018-02-28
19635|44|2018-02-18
19635|47|2018-02-14
19638|42,5|2018-02-14
19638|44|2018-02-28
19638|45,5|2018-02-28
19639|40|2018-02-22
19639|42,5|2018-02-17
19639|44|2018-02-26
19645|M|2018-02-28
19648|42 2/3|2018-02-14
19648|44|2018-02-28
19648|45 1/3|2018-02-14
19649|M|2018-02-28
19652|L|2018-02-14
19652|M|2018-02-14
19653|L|2018-02-14
19653|M|2018-02-14
19653|S|2018-02-14
19653|XL|2018-02-14
19661|L|2018-02-28
19661|M|2018-02-06
19661|S|2018-02-15
19661|XL|2018-02-16
19662|L|2018-02-12
19666|41|2018-02-27
19666|42|2018-02-26
19668|S ( 128-140 )|2018-02-11
19668|XS ( 116-128 )|2018-02-13
19671|41 1/3|2018-02-17
19671|42 2/3|2018-02-14
19671|44 2/3|2018-02-25
19671|45 1/3|2018-02-26
19671|46 2/3|2018-02-28
19671|47 1/3|2018-02-28
19678|2XL|2018-02-14
19678|S|2018-02-21
19678|XL|2018-02-28
19682|42|2018-02-19
19682|44|2018-02-14
19695|L ( 42-46 )|2018-02-14
19695|M ( 38-42 )|2018-02-20
19696|45 1/3|2018-02-28
19698|152|2018-02-21
19704|36 2/3|2018-02-28
19704|38 2/3|2018-02-28
19712|42|2018-02-21
19712|43 1/3|2018-02-27
19712|44|2018-02-28
19712|44 2/3|2018-02-17
19712|45 1/3|2018-02-14
19724|L|2018-02-28
19724|M|2018-02-28
19734|42|2018-02-27
19734|44|2018-02-28
19742|M|2018-02-28
19759|M ( 38/40 )|2018-02-14
19760|2XL|2018-02-26
19760|3XL|2018-02-14
19760|XS|2018-02-24
19782|39|2018-02-15
19782|41|2018-02-19
19782|42|2018-02-15
19782|42,5|2018-02-19
19782|43|2018-02-16
19782|44,5|2018-02-11
19782|45|2018-02-15
19782|45,5|2018-02-14
19782|46|2018-02-09
19787|37 1/3|2018-02-28
19813|M ( 38-42 )|2018-02-06
19813|S ( 34-38 )|2018-02-14
19814|38,5|2018-02-14
19822|34|2018-02-14
19822|35|2018-02-28
19822|35,5|2018-02-28
19822|36|2018-02-14
19822|36,5|2018-02-28
19822|37,5|2018-02-14
19822|38|2018-02-14
19834|S ( 34/36 )|2018-02-14
19834|XS ( 32/34 )|2018-02-14
19837|M|2018-02-15
19841|S|2018-02-19
19853|2XL|2018-02-28
19853|S|2018-02-28
19855|44|2018-02-12
19872|45|2018-02-28
19879|L|2018-02-14
19879|M|2018-02-14
19885|L|2018-02-28
19885|M|2018-02-12
19885|XL|2018-02-14
19887|43|2018-02-19
19887|44,5|2018-02-13
19891||2018-02-28
19895|XL|2018-02-18
19905|L|2018-02-08
19909|L|2018-02-10
19909|M|2018-02-23
19913|42|2018-02-28
19919|L|2018-02-14
19919|M|2018-02-14
19920|M ( 38/40 )|2018-02-28
19928|47|2018-02-28
19935|L|2018-02-28
19935|M|2018-02-20
19936|2XL|2018-02-14
19936|L|2018-02-25
19936|XL|2018-02-28
19937|39|2018-02-14
19937|40,5|2018-02-28
19937|41|2018-02-08
19937|42|2018-02-14
19937|42,5|2018-02-04
19937|43|2018-02-05
19937|44|2018-02-15
19937|44,5|2018-02-28
19937|45|2018-02-28
19937|45,5|2018-02-24
19937|46|2018-02-28
19937|47|2018-02-28
19937|47,5|2018-02-28
19949|M|2018-02-24
19950|L ( 152-158 )|2018-02-14
19950|S ( 128-140 )|2018-02-14
19953|L|2018-02-19
19953|M|2018-02-28
19953|S|2018-02-20
19962|XL|2018-02-11
19963|39|2018-02-28
19963|40,5|2018-02-15
19963|41|2018-02-13
19966|152|2018-02-19
19969|39|2018-02-28
19969|40,5|2018-02-28
19969|42|2018-02-13
19969|42,5|2018-02-12
19969|43|2018-02-17
19969|44|2018-02-28
19969|44,5|2018-02-25
19969|45|2018-02-15
19969|45,5|2018-02-20
19969|46|2018-02-17
19969|47|2018-02-13
19969|47,5|2018-02-28
19975|3 ( 39-42 )|2018-02-11
19975|4 ( 43-46 )|2018-02-23
19977|L|2018-02-28
19977|M|2018-02-14
19977|XL|2018-02-28
19986|M|2018-02-28
19987|42,5|2018-02-28
19992|L|2018-02-14
19992|M|2018-02-28
19992|XL|2018-02-28
20001|36,5|2018-02-28
20001|38,5|2018-02-28
20007|L|2018-02-28
20007|M|2018-02-14
20017|S|2018-02-04
20017|XL|2018-02-10
20028|L|2018-02-14
20028|M|2018-02-22
20036|4 ( 39-42 )|2018-02-22
20042|3 ( 40-42 )|2018-02-23
20042|4 ( 43-45 )|2018-02-28
20043|M|2018-02-28
20053|L|2018-02-18
20067|M|2018-02-26
20067|XL|2018-02-14
20074|L|2018-02-28
20090|42,5|2018-02-28
20090|43|2018-02-28
20096|M ( 38-42 )|2018-02-28
20096|S ( 34-38 )|2018-02-14
20096|XL (46-50 )|2018-02-28
20098|L|2018-02-28
20099|36|2018-02-28
20105|M|2018-02-13
20106|XS ( 116-128 )|2018-02-20
20108|128|2018-02-18
20108|140|2018-02-28
20110|M|2018-02-22
20110|XL|2018-02-28
20112|45,5|2018-02-14
20113|L|2018-02-13
20114|37,5|2018-02-14
20114|38,5|2018-02-28
20116|L|2018-02-26
20117|3 ( 40-42 )|2018-02-14
20121|XL ( 158-170 )|2018-02-19
20121|XS ( 116-128 )|2018-02-28
20127|L ( 42-46 )|2018-02-28
20131|L ( 152-158 )|2018-02-19
20132|47|2018-02-28
20141|4 ( 43-46 )|2018-02-28
20147|44|2018-02-19
20147|45|2018-02-28
20149|S|2018-02-22
20154|36|2018-02-28
20154|38|2018-02-28
20162|2 ( 37-39 )|2018-02-18
20164|4 ( 39-42 )|2018-02-05
20166|40,5|2018-02-14
20166|43|2018-02-14
20172|42|2018-02-14
20181|L|2018-02-14
20181|M|2018-02-28
20181|S|2018-02-14
20181|XL|2018-02-28
20185|L|2018-02-28
20186|L|2018-02-28
20186|M|2018-02-26
20216|S ( 34-38 )|2018-02-10
20216|XL (46-50 )|2018-02-14
20220|45|2018-02-14
20229|40,5|2018-02-28
20234|44|2018-02-28
20236|41|2018-02-14
20237|L|2018-02-28
20237|M|2018-02-28
20237|XL|2018-02-21
20240|7 ( L )|2018-02-21
20244|176|2018-02-14
20248||2018-02-14
20253|XL|2018-02-28
20254|L|2018-02-14
20254|M|2018-02-28
20254|S|2018-02-14
20258|41|2018-02-28
20258|42,5|2018-02-27
20262|M|2018-02-28
20266|35 - 38|2018-02-15
20266|39 - 42|2018-02-21
20266|43 - 46|2018-02-09
20273|164|2018-02-28
20277|38|2018-02-11
20288|2XL|2018-02-18
20288|L|2018-02-11
20288|XL|2018-02-28
20294|XL|2018-02-28
20295|L|2018-02-28
20295|M|2018-02-28
20302|128|2018-02-28
20303|2XL|2018-02-28
20314|37|2018-02-28
20338|L|2018-02-28
20338|M|2018-02-28
20340|4 ( 44-46 )|2018-02-14
20342|XL|2018-02-28
20351|44,5|2018-02-14
20365|44|2018-02-16
20367|3 ( 40-42 )|2018-02-28
20370|L|2018-02-27
20370|M|2018-02-28
20370|XL|2018-02-28
20386|L|2018-02-14
20386|M|2018-02-10
20386|XL|2018-02-28
20387|L|2018-02-28
20387|XL|2018-02-28
20388|43|2018-02-28
20390|L|2018-02-14
20390|M|2018-02-14
20390|S|2018-02-24
20390|XL|2018-02-14
20398|L ( 152-158 )|2018-02-14
20400|M|2018-02-17
20401|S|2018-02-14
20401|XL|2018-02-24
20405|40|2018-02-28
20405|40,5|2018-02-14
20405|41|2018-02-28
20419|XL ( 158-170 )|2018-02-28
20422|176|2018-02-08
20443|40,5|2018-02-10
20443|42,5|2018-02-12
20443|44,5|2018-02-05
20443|45,5|2018-02-14
20443|47|2018-02-14
20450|L|2018-02-28
20450|M|2018-02-14
20450|S|2018-02-13
20450|XL|2018-02-28
20454|152|2018-02-28
20456|S ( 34-38 )|2018-02-15
20456|XL (46-50 )|2018-02-25
20463|L|2018-02-10
20463|XL|2018-02-26
20470|S|2018-02-20
20470|XL|2018-02-19
20475|L ( 152-158 )|2018-02-14
20475|M ( 140-152 )|2018-02-14
20475|S ( 128-140 )|2018-02-14
20475|XL ( 158-170 )|2018-02-28
20476|42|2018-02-28
20476|44,5|2018-02-28
20482|L|2018-02-10
20482|M|2018-02-11
20482|S|2018-02-25
20482|XL|2018-02-19
20497|L|2018-02-28
20497|M|2018-02-22
20505|2XL|2018-02-09
20508|2XL|2018-02-28
20512|39|2018-02-25
20512|40|2018-02-21
20514|45|2018-02-20
20515|43|2018-02-26
20519|3 ( 41-43 )|2018-02-14
20529|2XL|2018-02-16
20529|S|2018-02-18
20529|XL|2018-02-09
20536|L|2018-02-13
20536|M|2018-02-14
20548|M|2018-02-09
20548|S|2018-02-28
20550|L|2018-02-14
20550|S|2018-02-25
20554|2XL|2018-02-14
20554|3XL|2018-02-14
20554|L|2018-02-14
20555|M ( 38-42 )|2018-02-28
20563|39|2018-02-28
20565|5 ( 46-48 )|2018-02-18
20567|140/152|2018-02-09
20578|M|2018-02-13
20581|39|2018-02-28
20581|41|2018-02-24
20581|42|2018-02-21
20581|42,5|2018-02-11
20581|43|2018-02-21
20581|44|2018-02-20
20581|44,5|2018-02-27
20581|45|2018-02-14
20581|46|2018-02-27
20582|M ( 140-152 )|2018-02-14
20582|XL ( 158-170 )|2018-02-11
20590|2XL|2018-02-04
20590|M|2018-02-04
20590|XL|2018-02-05
20597|M|2018-02-14
20599|40|2018-02-14
20609|L ( 42-46 )|2018-02-26
20614|39|2018-02-28
20614|40,5|2018-02-24
20614|41|2018-02-28
20614|42|2018-02-13
20614|43|2018-02-13
20614|44|2018-02-28
20614|44,5|2018-02-23
20614|46|2018-02-20
20614|47|2018-02-28
20614|47,5|2018-02-28
20621|M|2018-02-14
20622|L|2018-02-28
20624|40,5|2018-02-14
20624|42|2018-02-28
20625|M|2018-02-16
20627|L|2018-02-28
20641|44|2018-02-04
20649|L|2018-02-28
20649|XL|2018-02-28
20656|2XL|2018-02-14
20667|L|2018-02-28
20667|M|2018-02-21
20679|39|2018-02-14
20683|S|2018-02-28
20683|XL|2018-02-06
20686|L|2018-02-15
20686|M|2018-02-12
20696|42|2018-02-27
20697|37,5|2018-02-27
20697|38|2018-02-28
20697|38,5|2018-02-28
20705|39|2018-02-20
20705|40,5|2018-02-19
20705|41|2018-02-13
20705|42|2018-02-15
20705|42,5|2018-02-05
20705|43|2018-02-15
20705|44|2018-02-10
20705|45,5|2018-02-13
20705|46|2018-02-14
20714|2XL|2018-02-28
20714|XL|2018-02-28
20717|L ( 40/42 )|2018-02-28
20717|M ( 38/40 )|2018-02-28
20717|S ( 34/36 )|2018-02-14
20717|XS ( 32/34 )|2018-02-28
20719|164|2018-02-24
20728|5 ( 46-48 )|2018-02-21
20737|M|2018-02-28
20753|L|2018-02-20
20753|M|2018-02-10
20753|S|2018-02-18
20756|M ( 38/40 )|2018-02-14
20763|S ( 34-38 )|2018-02-21
20764|34|2018-02-28
20764|35|2018-02-17
20764|37 1/3|2018-02-26
20764|38|2018-02-16
20764|38 2/3|2018-02-28
20767|39|2018-02-28
20777|176|2018-02-28
20782|44|2018-02-28
20782|45|2018-02-14
20782|45,5|2018-02-28
20794|4 ( 43-46 )|2018-02-19
20795|L|2018-02-28
20795|S|2018-02-28
20802|41|2018-02-14
20802|42|2018-02-28
20802|42,5|2018-02-14
20802|43|2018-02-18
20802|44|2018-02-17
20802|44,5|2018-02-14
20802|45|2018-02-28
20802|45,5|2018-02-28
20802|46|2018-02-28
20802|47|2018-02-27
20815|L|2018-02-14
20815|XL|2018-02-14
20816|43|2018-02-28
20816|44,5|2018-02-28
20816|45|2018-02-28
20816|46|2018-02-21
20816|47|2018-02-28
20823|37,5|2018-02-28
20827|M ( 38/40 )|2018-02-28
20828|2XL|2018-02-28
20851|42|2018-02-19
20852|M|2018-02-19
20860|S ( 34-38 )|2018-02-22
20860|XL (46-50 )|2018-02-28
20864|M|2018-02-28
20866|XL|2018-02-14
20889|44|2018-02-24
20891|37,5|2018-02-28
20891|38,5|2018-02-19
20895|43|2018-02-17
20895|44|2018-02-14
20895|45|2018-02-18
20898|L|2018-02-28
20898|M|2018-02-17
20898|S|2018-02-25
20898|XS|2018-02-28
20900|S ( 34-38 )|2018-02-15
20905|41|2018-02-28
20909|01 Junior|2018-02-11
20912|XL|2018-02-17
20918|L|2018-02-28
20918|M|2018-02-14
20918|S|2018-02-28
20921|L ( 40/42 )|2018-02-28
20926|4 ( 43-45 )|2018-02-28
20927|M|2018-02-14
20946|L|2018-02-13
20946|M|2018-02-15
20946|XL|2018-02-26
20952|L ( 152-158 )|2018-02-28
20952|M ( 140-152 )|2018-02-28
20952|XL ( 158-170 )|2018-02-14
20970|S|2018-02-14
20973|4 ( 39-42 )|2018-02-12
20976|43 1/3|2018-02-27
20978|M|2018-02-14
20978|S|2018-02-14
20984|43|2018-02-28
20988|L|2018-02-14
20998|S|2018-02-28
20998|XL|2018-02-06
21001||2018-02-07
21002|M|2018-02-28
21017|42|2018-02-25
21017|45|2018-02-20
21017|45,5|2018-02-19
21017|46|2018-02-27
21022|152|2018-02-28
21025|M|2018-02-19
21030|M ( 38-42 )|2018-02-18
21030|XL (46-50 )|2018-02-14
21033|152|2018-02-24
21036|XL|2018-02-14
21041|L|2018-02-28
21041|M|2018-02-17
21041|S|2018-02-28
21041|XL|2018-02-24
21058|L|2018-02-14
21058|M|2018-02-14
21062|L ( 152-158 )|2018-02-23
21062|XL ( 158-170 )|2018-02-16
21068|3 ( 40-42 )|2018-02-28
21068|5 ( 46-48 )|2018-02-26
21071|37,5|2018-02-28
21076|36,5|2018-02-28
21076|38|2018-02-18
21078|L|2018-02-23
21078|S|2018-02-19
21078|XL|2018-02-22
21083|41|2018-02-24
21083|42|2018-02-16
21083|42,5|2018-02-13
21083|43|2018-02-28
21083|44|2018-02-12
21083|44,5|2018-02-12
21083|46|2018-02-28
21083|47|2018-02-28
21085|M|2018-02-27
21102|L ( 152-158 )|2018-02-14
21102|XL ( 158-170 )|2018-02-14
21110|40,5|2018-02-14
21110|43|2018-02-28
21110|44,5|2018-02-28
21111|2XL|2018-02-26
21111|L|2018-02-28
21111|M|2018-02-28
21111|XL|2018-02-12
21116|S ( 34/36 )|2018-02-28
21120|S ( 34-38 )|2018-02-07
21120|XL (46-50 )|2018-02-28
21129|L|2018-02-28
21133|41|2018-02-21
21133|42,5|2018-02-21
21133|45|2018-02-26
21138|L|2018-02-28
21138|M|2018-02-27
21138|S|2018-02-27
21139|L|2018-02-13
21147|42,5|2018-02-14
21147|43|2018-02-15
21147|44|2018-02-28
21147|44,5|2018-02-28
21147|45|2018-02-23
21147|45,5|2018-02-28
21147|46|2018-02-14
21151|L|2018-02-20
21151|S|2018-02-28
21153|M|2018-02-04
21170|L|2018-02-28
21170|M|2018-02-20
21170|XL|2018-02-15
21173|L|2018-02-26
21176|L|2018-02-28
21177|L ( 40/42 )|2018-02-26
21194|40 2/3|2018-02-28
21194|41 1/3|2018-02-28
21194|42|2018-02-19
21194|42 2/3|2018-02-26
21194|43 1/3|2018-02-28
21194|44|2018-02-17
21194|44 2/3|2018-02-28
21194|45 1/3|2018-02-18
21194|46|2018-02-18
21194|47 1/3|2018-02-22
21209|L|2018-02-28
21209|M|2018-02-28
21214|152|2018-02-14
21218|L|2018-02-14
21218|M|2018-02-14
21218|S|2018-02-27
21218|XL|2018-02-14
21224|42|2018-02-28
21224|42,5|2018-02-28
21224|44|2018-02-28
21224|44,5|2018-02-12
21224|45|2018-02-28
21224|45,5|2018-02-28
21224|46|2018-02-25
21224|47|2018-02-25
21225|2 ( 37-39 )|2018-02-28
21227|2XL|2018-02-21
21234|39|2018-02-14
21234|40|2018-02-28
21234|41|2018-02-28
21248|42|2018-02-28
21248|46|2018-02-28
21250|39|2018-02-14
21257|41 1/3|2018-02-26
21257|44|2018-02-25
21263|L|2018-02-14
21264|41|2018-02-28
21264|42,5|2018-02-14
21264|43|2018-02-28
21264|44,5|2018-02-22
21264|45|2018-02-28
21264|45,5|2018-02-28
21265|42|2018-02-16
21265|45|2018-02-27
21265|46|2018-02-25
21266|XL|2018-02-28
21270|2XL|2018-02-08
21282|XL|2018-02-12
21282|XS|2018-02-25
21284|L|2018-02-27
21284|M|2018-02-14
21289|164|2018-02-27
21308|39|2018-02-28
21308|40|2018-02-14
21308|43|2018-02-18
21308|44|2018-02-28
21308|44,5|2018-02-15
21308|45|2018-02-25
21308|45,5|2018-02-28
21308|46|2018-02-14
21308|47,5|2018-02-14
21317|2XL|2018-02-28
21317|M|2018-02-15
21326|L|2018-02-18
21337|2XL|2018-02-19
21337|XL|2018-02-10
21339|XL ( 158-170 )|2018-02-14
21353|128|2018-02-28
21353|152|2018-02-14
21353|164|2018-02-15
21364|XL ( 158-170 )|2018-02-28
21370|38|2018-02-14
21372|2XL|2018-02-26
21372|S|2018-02-28
21377|42|2018-02-14
21377|43|2018-02-24
21378|5 ( 47-49 )|2018-02-26
21387|M|2018-02-28
21387|S|2018-02-19
21391|39|2018-02-14
21391|42,5|2018-02-27
21391|43|2018-02-28
21398|41|2018-02-27
21398|42|2018-02-14
21398|42,5|2018-02-28
21398|45|2018-02-28
21405|2XL|2018-02-17
21417|42,5|2018-02-14
21418|45,5|2018-02-14
21418|47|2018-02-28
21420|M|2018-02-19
21431|M|2018-02-28
21434|164|2018-02-28
21439|4 ( 43-45 )|2018-02-10
21446|152|2018-02-12
21446|164|2018-02-19
21447|41|2018-02-28
21447|42,5|2018-02-14
21447|43|2018-02-14
21447|44|2018-02-28
21447|44,5|2018-02-26
21447|45|2018-02-28
21452|42|2018-02-25
21452|42,5|2018-02-14
21452|43|2018-02-28
21452|44|2018-02-23
21452|44,5|2018-02-17
21452|45|2018-02-11
21452|45,5|2018-02-28
21453|43|2018-02-28
21457|3 ( 40-42 )|2018-02-28
21465|2XL|2018-02-28
21465|L|2018-02-28
21465|M|2018-02-07
21476|L|2018-02-13
21476|S|2018-02-28
21477|2XL|2018-02-11
21486|L|2018-02-14
21486|XL|2018-02-24
21487|M|2018-02-10
21490|M|2018-02-28
21490|S|2018-02-14
21490|XL|2018-02-28
21492|45,5|2018-02-18
21496|M|2018-02-19
21517|L|2018-02-28
21520|M|2018-02-12
21539|2XL|2018-02-28
21541|S|2018-02-28
21541|XL|2018-02-28
21547|M|2018-02-14
21553|2XL|2018-02-17
21553|L|2018-02-11
21553|XL|2018-02-18
21559|4 ( 39-42 )|2018-02-28
21564|S|2018-02-11
21572|L|2018-02-14
21572|M|2018-02-28
21572|S|2018-02-14
21572|XL|2018-02-28
21578|38|2018-02-28
21588|M|2018-02-16
21598|M ( 140-152 )|2018-02-28
21602|M|2018-02-22
21605|L|2018-02-15
21610|164|2018-02-13
21614|M|2018-02-28
21614|S|2018-02-28
21618|3 ( 40-42 )|2018-02-11
21618|5 ( 46-48 )|2018-02-14
21626|3 ( 40-42 )|2018-02-28
21626|4 ( 43-45 )|2018-02-28
21626|5 ( 46-48 )|2018-02-13
21631|42|2018-02-28
21631|43|2018-02-21
21631|44,5|2018-02-27
21631|45|2018-02-14
21631|45,5|2018-02-14
21643|42,5|2018-02-14
21643|43|2018-02-27
21655|L|2018-02-28
21666|L|2018-02-25
21666|M|2018-02-14
21669|44 2/3|2018-02-26
21672|116-122|2018-02-14
21672|128|2018-02-14
21672|140|2018-02-28
21682|M ( 140-152 )|2018-02-28
21682|S ( 128-140 )|2018-02-14
21682|XL ( 158-170 )|2018-02-12
21685|40|2018-02-14
21692|M|2018-02-08
21717|L|2018-02-14
21734|S|2018-02-07
21735|S|2018-02-14
21738|42 2/3|2018-02-17
21738|43 1/3|2018-02-28
21738|44|2018-02-19
21738|45 1/3|2018-02-16
21738|47 1/3|2018-02-14
21738|48|2018-02-24
21743|2XL|2018-02-28
21743|M|2018-02-28
21743|S|2018-02-28
21743|XL|2018-02-24
21761|2XL|2018-02-28
21761|L|2018-02-15
21761|M|2018-02-11
21761|XL|2018-02-17
21775|M|2018-02-28
21782|L|2018-02-18
21794|L|2018-02-14
21794|S|2018-02-28
21794|XL|2018-02-14
21799|S|2018-02-10
21799|XL|2018-02-10
21802|2XL|2018-02-27
21802|M|2018-02-13
21823|XL ( 158-170 )|2018-02-28
21851|43|2018-02-14
21851|47|2018-02-28
21858|2XL|2018-02-14
21858|XL|2018-02-12
21859|152|2018-02-09
21860|L|2018-02-06
21875|128|2018-02-24
21875|140|2018-02-22
21876|44|2018-02-14
21876|46|2018-02-28
21886|43|2018-02-28
21886|44|2018-02-24
21891|40,5|2018-02-28
21891|42,5|2018-02-28
21891|43|2018-02-18
21892|44|2018-02-28
21900|46|2018-02-21
21907|XL ( 158-170 )|2018-02-14
21910|44|2018-02-17
21910|45,5|2018-02-27
21915|4 ( 43-46 )|2018-02-28
21918|S|2018-02-09
21925|12 (41-45)|2018-02-14
21969|L|2018-02-19
21969|M|2018-02-16
21973|164/176|2018-02-17
21980|2XL|2018-02-15
21980|M|2018-02-08
21980|S|2018-02-19
21980|XL|2018-02-08
21986|38,5|2018-02-20
21995|164|2018-02-11
21996|L ( 152-158 )|2018-02-15
21996|XS ( 116-128 )|2018-02-28
21999|L|2018-02-08
21999|M|2018-02-12
21999|S|2018-02-26
22022|43|2018-02-28
22022|44,5|2018-02-28
22022|46|2018-02-28
22030|152|2018-02-14
22030|164|2018-02-17
22051|M|2018-02-28
22053|L|2018-02-10
22053|S|2018-02-28
22054|41|2018-02-28
22054|45|2018-02-28
22059|3 ( 40-42 )|2018-02-26
22067|42,5|2018-02-15
22067|44|2018-02-11
22067|44,5|2018-02-20
22069|L|2018-02-10
22069|M|2018-02-21
22070|152|2018-02-26
22070|164|2018-02-26
22079|38,5|2018-02-28
22080|L|2018-02-24
22080|M|2018-02-24
22080|XL|2018-02-28
22081|M|2018-02-14
22084|M|2018-02-14
22085|L|2018-02-22
22102|L|2018-02-18
22102|M|2018-02-13
22108|4 ( 43-46 )|2018-02-26
22127|37 1/3|2018-02-28
22128|2 ( 37-39 )|2018-02-21
22128|3 ( 40-42 )|2018-02-15
22128|5 ( 46-48 )|2018-02-12
22129|M ( 38/40 )|2018-02-28
22132|XL|2018-02-28
22139|40,5|2018-02-28
22139|43|2018-02-20
22139|45,5|2018-02-24
22139|46|2018-02-26
22142|M ( 140-152 )|2018-02-28
22142|XL ( 158-170 )|2018-02-14
22151|140|2018-02-07
22158|2XL|2018-02-23
22158|XL|2018-02-14
22167|L|2018-02-14
22167|M|2018-02-14
22167|S|2018-02-24
22168|47|2018-02-28
22169|46|2018-02-05
22169|46 2/3|2018-02-06
22169|47 1/3|2018-02-09
22169|48 2/3|2018-02-12
22170|40 2/3|2018-02-28
22170|43 1/3|2018-02-28
22170|44 2/3|2018-02-21
22177|L|2018-02-15
22190|43 - 46|2018-02-27
22195|2XL|2018-02-28
22195|S|2018-02-14
22197|XL|2018-02-28
22199|37|2018-02-14
22200|42,5|2018-02-25
22200|44|2018-02-17
22204|4 ( 39-42 )|2018-02-09
22206|L|2018-02-09
22206|M|2018-02-11
22206|S|2018-02-24
22230|L ( 152-158 )|2018-02-19
22230|XL ( 158-170 )|2018-02-28
22236|39 1/3|2018-02-27
22236|40 2/3|2018-02-17
22236|43 1/3|2018-02-11
22236|45 1/3|2018-02-12
22236|48|2018-02-27
22244|XL|2018-02-17
22248|L|2018-02-20
22248|XL|2018-02-28
22249|44|2018-02-13
22261|44|2018-02-15
22263|L|2018-02-10
22263|S|2018-02-21
22293|XL ( 158-170 )|2018-02-14
22298|34|2018-02-14
22298|38 2/3|2018-02-12
22307|L ( 152-158 )|2018-02-17
22308|XL (46-50 )|2018-02-26
22316|M|2018-02-12
22317|2 ( 37-39 )|2018-02-14
22325|M|2018-02-22
22325|S|2018-02-28
22338|2XL|2018-02-09
22340|S ( 128-140 )|2018-02-28
22340|XL ( 158-170 )|2018-02-28
22341|L|2018-02-23
22341|M|2018-02-15
22343|M|2018-02-20
22349|42 2/3|2018-02-27
22349|43 1/3|2018-02-28
22349|46|2018-02-28
22354|40|2018-02-18
22354|46 2/3|2018-02-08
22362|2XL|2018-02-07
22367|XL|2018-02-28
22379|3 ( 40-42 )|2018-02-28
22379|4 ( 43-45 )|2018-02-28
22379|5 ( 46-48 )|2018-02-21
22406|L|2018-02-28
22406|XL|2018-02-28
22409|L|2018-02-22
22413|44|2018-02-28
22413|45 1/3|2018-02-24
22413|46|2018-02-28
22417|L/T|2018-02-16
22419|S ( 34/36 )|2018-02-14
22420|2XL|2018-02-14
22420|S|2018-02-11
22428|42|2018-02-13
22428|44|2018-02-11
22428|44,5|2018-02-23
22430|38/40 ( M / L )|2018-02-28
22435|XL ( 158-170 )|2018-02-28
22456|2XL|2018-02-12
22458|L|2018-02-08
22458|M|2018-02-07
22458|XL|2018-02-14
22459|L|2018-02-28
22463|2XL|2018-02-17
22477|L|2018-02-15
22490|44,5|2018-02-14
22490|45|2018-02-14
22498|L ( 152-158 )|2018-02-14
22505|L|2018-02-06
22505|M|2018-02-04
22505|S|2018-02-15
22505|XL|2018-02-24
22514|L|2018-02-28
22523|140|2018-02-14
22523|152|2018-02-19
22530|L|2018-02-20
22531|L|2018-02-28
22531|M|2018-02-28
22531|S|2018-02-14
22532|2XL|2018-02-28
22532|L|2018-02-28
22532|M|2018-02-14
22532|S|2018-02-15
22532|XL|2018-02-26
22533|140|2018-02-14
22535|L|2018-02-26
22535|M|2018-02-28
22546|140|2018-02-14
22550|38,5|2018-02-14
22553|XL (46-50 )|2018-02-18
22574|41 1/3|2018-02-15
22574|42|2018-02-15
22574|43 1/3|2018-02-28
22574|45 1/3|2018-02-18
22575|YLG 147,5-157,5|2018-02-06
22575|YM 135-147,5|2018-02-10
22581|42|2018-02-28
22581|43|2018-02-28
22581|44|2018-02-19
22581|44,5|2018-02-25
22581|45|2018-02-28
22582|44 2/3|2018-02-26
22585|L|2018-02-10
22585|M|2018-02-26
22585|XL|2018-02-13
22587|41 1/3|2018-02-28
22588|46|2018-02-14
22591|M|2018-02-19
22593|42|2018-02-14
22597|41 1/3|2018-02-26
22603|43|2018-02-14
22605|L ( 42-46 )|2018-02-07
22605|S ( 34-38 )|2018-02-14
22607|2XL|2018-02-28
22607|L|2018-02-12
22607|M|2018-02-06
22607|S|2018-02-28
22609|L|2018-02-14
22609|XL|2018-02-28
22613|41|2018-02-18
22613|42,5|2018-02-26
22613|45|2018-02-28
22613|46|2018-02-17
22613|47|2018-02-19
22613|47,5|2018-02-28
22614|S ( 128-140 )|2018-02-15
22618|M ( 140-152 )|2018-02-26
22618|XS ( 116-128 )|2018-02-25
22621|L|2018-02-15
22621|XS|2018-02-28
22623|L|2018-02-16
22623|M|2018-02-19
22623|XL|2018-02-22
22625|XL ( 158-170 )|2018-02-06
22631|152|2018-02-12
22631|164|2018-02-28
22632|S|2018-02-28
22636|44|2018-02-20
22638|42,5|2018-02-28
22638|43|2018-02-21
22638|44|2018-02-20
22638|44,5|2018-02-20
22638|45|2018-02-26
22638|45,5|2018-02-28
22638|46|2018-02-24
22638|47|2018-02-28
22639|40 2/3|2018-02-16
22639|42 2/3|2018-02-08
22639|43 1/3|2018-02-13
22639|45 1/3|2018-02-07
22639|46|2018-02-15
22643|38,5|2018-02-14
22651|L|2018-02-28
22651|M|2018-02-14
22651|S|2018-02-27
22651|XL|2018-02-28
22669|L|2018-02-23
22671|L|2018-02-14
22671|M|2018-02-14
22681|XL|2018-02-28
22682|43|2018-02-28
22688|164|2018-02-14
22689|L|2018-02-28
22689|M|2018-02-28
22700|2XL|2018-02-28
22700|M|2018-02-07
22700|XL|2018-02-16
22706|M|2018-02-19
22706|XL|2018-02-25
22707|M|2018-02-19
22710|L|2018-02-28
22710|M|2018-02-14
22710|XL|2018-02-14
22712|4 ( 43-45 )|2018-02-09
22714|34|2018-02-14
22718|45,5|2018-02-18
22722|XL ( 158-170 )|2018-02-15
22742|42|2018-02-28
22742|43 1/3|2018-02-23
22742|45 1/3|2018-02-28
22758|XS|2018-02-10
22760|2XL|2018-02-20
22760|L|2018-02-14
22760|S|2018-02-07
22760|XL|2018-02-17
22766|M|2018-02-28
22774|36 2/3|2018-02-28
22774|38|2018-02-28
22774|38 2/3|2018-02-14
22777|XL ( 158-170 )|2018-02-28
22779|140|2018-02-19
22795|M ( 38/40 )|2018-02-28
22803|42|2018-02-28
22803|43 1/3|2018-02-13
22803|44|2018-02-12
22810|40|2018-02-14
22810|42|2018-02-28
22810|44|2018-02-19
22810|45|2018-02-25
22810|46|2018-02-14
22818|M ( 140-152 )|2018-02-28
22818|S ( 128-140 )|2018-02-06
22820|164|2018-02-22
22835|L|2018-02-21
22842|XS|2018-02-28
22844|43|2018-02-28
22844|45|2018-02-28
22869|41|2018-02-28
22869|42|2018-02-17
22869|43|2018-02-15
22869|44|2018-02-11
22869|45|2018-02-16
22869|46|2018-02-24
22869|47|2018-02-28
22872|M ( 140-152 )|2018-02-10
22878|L|2018-02-26
